2,12,3,18,2,1,10150
3,12,3,18,2,2,10150
4,12,3,18,2,2,10150
6,2,1,1,1,2,10150
7,11,1,6,1,2,10150
8,2,1,3,1,2,10150
10,1,5,1,1,2,10150
11,6,2,17,3,2,10150
12,1,5,1,1,2,10250
13,1,5,1,1,2,10350
14,1,5,1,1,2,10850
15,1,5,1,1,2,10950
16,1,5,1,1,2,10550
17,12,3,18,2,1,10150
18,12,3,18,2,2,10150
19,12,3,18,2,1,10150
21,12,3,18,2,2,10350
28,12,3,18,2,1,10150
31,12,3,17,3,2,10150
32,12,3,18,2,2,10150
34,12,3,18,2,2,10150
35,23,4,1,1,2,10150
36,22,4,1,1,2,10150
37,22,4,1,1,2,10150
38,21,4,1,1,2,10157
39,21,4,1,1,1,10154
40,21,4,1,1,2,10161
41,21,4,1,1,2,10166
42,21,4,1,1,1,10158
44,21,4,1,1,1,10152
45,21,4,1,1,1,10153
46,21,4,1,1,2,10162
47,21,4,1,1,2,10167
48,21,4,1,1,2,10168
49,22,4,1,1,2,10450
50,22,4,1,1,2,11050
51,22,4,1,1,1,10750
52,22,4,1,1,1,10251
53,21,4,1,1,1,10451
54,21,4,1,1,1,10357
55,21,4,1,1,1,10353
56,21,4,1,1,1,10354
57,21,4,1,1,2,11150
58,21,4,1,1,1,11151
59,21,4,1,1,1,11450
60,21,4,1,1,1,10556
61,21,4,1,1,1,11250
62,21,4,1,1,1,11352
63,21,4,1,1,1,11253
64,24,4,1,1,2,11550
65,22,4,1,1,2,10650
66,21,4,1,1,1,10650
67,22,4,1,1,1,10853
68,21,4,1,1,1,10952
69,21,4,1,1,1,10955
70,21,4,1,1,1,10954
71,21,4,1,1,2,10165
72,21,4,1,1,2,10170
73,22,4,1,1,1,11550
74,21,4,1,1,2,10163
75,21,4,1,1,1,10155
76,21,4,1,1,1,10159
77,21,4,1,1,2,10164
78,21,4,1,1,1,10160
79,21,4,1,1,1,10153
80,20,4,1,1,1,11551
81,20,4,1,1,1,10157
82,21,4,1,1,1,10452
83,21,4,1,1,1,10453
84,22,4,1,1,1,10851
85,22,4,1,1,1,11551
86,21,4,1,1,1,11551
87,21,4,1,1,1,10157
88,20,4,1,1,1,11051
89,22,4,1,1,1,10652
90,20,4,1,1,1,10157
91,21,4,1,1,1,11350
92,21,4,1,1,1,10559
93,21,4,1,1,1,11351
94,21,4,1,1,2,10171
96,21,4,1,1,1,10953
97,21,4,1,1,1,10951
98,20,4,1,1,1,10751
101,21,4,1,1,1,10450
103,21,4,1,1,2,10150
106,22,4,1,1,2,10150
108,25,4,7,1,1,10150
110,24,4,2,1,2,10150
112,25,4,2,1,1,10150
114,22,4,17,3,2,10150
116,25,4,7,1,1,10150
119,25,4,3,1,1,10162
126,25,4,7,1,1,10150
127,25,4,7,1,1,10150
129,25,4,7,1,1,10150
131,25,4,7,1,1,10150
132,25,4,7,1,1,10150
135,25,4,7,1,1,11351
136,2,1,12,3,2,10150
137,25,4,7,1,1,10150
139,26,4,7,1,1,10150
141,25,4,7,1,1,10150
142,25,4,7,1,1,10150
143,25,4,17,3,2,10150
145,25,4,7,1,1,10150
147,25,4,7,1,1,10150
148,25,4,17,3,1,10150
150,25,4,7,1,1,10150
157,31,4,18,2,2,10150
162,22,4,6,1,2,10150
167,25,4,7,1,1,10150
168,25,4,7,1,1,10150
169,25,4,7,1,1,10150
172,2,1,1,1,2,20150
173,1,5,1,1,2,20550
174,1,5,1,1,2,20250
175,12,3,18,2,1,20150
176,22,4,1,1,2,20150
177,22,4,1,1,2,20450
178,21,4,1,1,1,20151
179,21,4,1,1,1,20150
180,21,4,1,1,1,20750
181,21,4,1,1,1,20156
182,21,4,1,1,1,20159
183,21,4,1,1,1,20155
184,21,4,1,1,1,20157
185,21,4,1,1,1,20251
186,22,4,1,1,1,20350
187,22,4,1,1,1,20650
188,21,4,1,1,1,20353
189,21,4,1,1,1,20351
190,21,4,1,1,1,20355
191,21,4,1,1,1,20551
192,21,4,1,1,1,20555
193,21,4,1,1,1,20554
194,21,4,1,1,1,20556
195,21,4,1,1,1,20552
196,21,4,1,1,1,20158
197,20,4,1,1,1,20750
198,21,4,1,1,1,20450
199,21,4,1,1,1,20160
200,21,4,1,1,1,20251
201,21,4,1,1,1,20250
202,21,4,1,1,2,20250
203,21,4,1,1,1,20450
204,21,4,1,1,1,20150
206,21,4,1,1,1,20150
207,21,4,1,1,1,20450
208,21,4,1,1,1,20550
209,21,4,1,1,1,20250
210,21,4,1,1,1,20153
211,2,1,6,1,2,20150
213,22,4,2,1,1,20150
215,23,4,6,1,2,20550
216,25,4,10,1,1,20150
217,2,1,1,1,2,30150
218,1,5,1,1,2,30350
226,24,4,1,1,2,30150
227,23,4,1,1,2,30650
228,21,4,1,1,1,30156
229,20,4,1,1,1,30651
230,21,4,1,1,1,30157
231,21,4,1,1,1,30154
232,22,4,1,1,1,30153
233,21,4,1,1,1,30150
234,21,4,1,1,1,30151
235,21,4,1,1,1,30155
236,21,4,1,1,1,30158
237,20,4,1,1,1,30153
238,22,4,1,1,2,30250
239,21,4,1,1,1,30251
240,20,4,1,1,1,30250
243,22,4,1,1,2,30550
244,21,4,1,1,1,30353
245,21,4,1,1,1,30354
246,21,4,1,1,1,30451
247,22,4,1,1,2,30750
248,22,4,1,1,1,30356
249,21,4,1,1,1,30351
251,21,4,1,1,1,30452
252,21,4,1,1,1,30451
253,21,4,1,1,1,30452
254,22,4,1,1,1,30355
255,21,4,1,1,1,30363
256,20,4,1,1,1,30358
257,21,4,1,1,1,30362
258,21,4,1,1,1,30352
259,22,4,1,1,1,30350
260,20,4,1,1,1,30350
261,21,4,1,1,1,30150
263,20,4,1,1,1,30550
264,21,4,1,1,1,30357
265,20,4,1,1,1,30450
266,21,4,1,1,1,30450
267,20,4,1,1,1,30362
268,20,4,1,1,1,30356
269,20,4,1,1,1,30358
270,21,4,1,1,1,30354
271,21,4,1,1,1,30160
272,20,4,1,1,1,30353
273,20,4,1,1,1,30150
274,21,4,1,1,1,30361
276,20,4,1,1,1,30352
277,20,4,1,1,1,30353
278,20,4,1,1,1,30355
280,21,4,1,1,1,30356
282,22,4,1,1,1,30350
283,22,4,1,1,2,30450
284,20,4,1,1,1,30158
285,20,4,1,1,1,30252
287,21,4,1,1,1,30363
289,1,5,6,1,2,30150
290,22,4,2,1,1,30150
292,25,4,7,1,1,30153
293,22,4,6,1,1,30350
294,25,4,2,1,1,30350
295,25,4,2,1,1,30150
296,22,4,6,1,2,30450
301,2,1,1,1,2,40150
302,1,5,1,1,2,40350
303,1,5,1,1,2,40550
305,22,4,1,1,2,40150
306,21,4,1,1,1,40151
307,21,4,1,1,1,40153
308,21,4,1,1,1,40154
309,21,4,1,1,1,40157
310,21,4,1,1,1,40158
311,21,4,1,1,1,40650
312,20,4,1,1,1,40351
313,22,4,1,1,1,40452
314,21,4,1,1,1,40453
315,21,4,1,1,1,40451
316,21,4,1,1,1,40352
317,21,4,1,1,1,40450
318,21,4,1,1,1,40353
319,21,4,1,1,1,40254
320,21,4,1,1,1,40551
321,21,4,1,1,1,40253
322,21,4,1,1,1,40250
323,21,4,1,1,1,40554
324,21,4,1,1,1,40251
325,21,4,1,1,1,40255
326,21,4,1,1,1,40159
327,21,4,1,1,1,40161
328,21,4,1,1,1,40155
329,21,4,1,1,1,40252
330,21,4,1,1,1,40552
331,21,4,1,1,1,40553
332,20,4,1,1,1,40251
333,20,4,1,1,1,40450
334,21,4,1,1,1,40555
336,21,4,1,1,1,40452
337,21,4,1,1,1,40254
338,21,4,1,1,1,40450
339,20,4,1,1,1,40452
340,22,4,6,1,1,40150
342,23,4,2,1,1,40150
343,23,4,3,1,1,40150
344,21,4,6,1,2,40350
345,21,4,6,1,2,40550
347,23,4,17,3,1,40150
348,24,4,17,3,1,40150
350,12,3,18,2,2,50104
351,12,3,18,2,1,50104
352,2,1,6,1,2,50104
353,2,1,1,1,2,50104
354,1,5,1,1,2,50350
355,1,5,1,1,2,50450
356,1,5,1,1,2,50550
358,22,4,1,1,2,50150
359,21,4,1,1,1,50153
360,21,4,1,1,1,50156
361,21,4,1,1,1,50753
362,21,4,1,1,1,50154
363,21,4,1,1,1,50252
364,21,4,1,1,1,50159
365,21,4,1,1,1,50750
366,21,4,1,1,1,50162
367,21,4,1,1,1,50152
368,21,4,1,1,1,50161
369,21,4,1,1,1,50158
370,21,4,1,1,1,50151
371,21,4,1,1,1,50157
372,21,4,1,1,1,50161
373,21,4,1,1,1,50156
374,21,4,1,1,1,50351
375,21,4,1,1,1,50451
376,22,4,1,1,2,50250
377,21,4,1,1,1,50456
378,21,4,1,1,1,50457
379,1,5,17,3,2,50458
380,21,4,1,1,1,50455
381,21,4,1,1,1,50251
382,21,4,1,1,1,50553
383,21,4,1,1,1,50551
384,21,4,1,1,1,50552
385,21,4,1,1,1,50554
386,21,4,1,1,1,50555
387,20,4,1,1,1,50552
388,21,4,1,1,1,50550
389,21,4,1,1,1,50555
390,21,4,1,1,1,50550
391,22,4,1,1,2,50650
392,21,4,1,1,1,50751
393,21,4,1,1,1,50351
394,21,4,1,1,1,50752
395,21,4,1,1,1,50550
396,21,4,1,1,1,50250
397,21,4,1,1,1,50150
398,21,4,1,1,1,50353
399,21,4,1,1,1,50150
400,21,4,1,1,1,50352
401,21,4,1,1,1,50450
402,20,4,1,1,1,50456
403,21,4,1,1,1,50453
404,21,4,1,1,1,50450
405,21,4,1,1,1,50651
406,25,4,11,1,2,50150
407,25,4,2,1,1,50150
409,25,4,3,1,1,50150
410,25,4,2,1,1,50150
412,12,3,17,3,2,50104
413,25,4,17,3,1,50150
417,25,4,7,1,1,50161
418,25,4,7,1,1,50150
419,25,4,7,1,1,50161
420,12,3,18,2,1,60101
421,2,1,1,1,2,60104
422,2,1,6,1,2,60101
423,5,1,1,1,2,60103
425,2,1,3,1,2,60103
426,1,5,1,1,2,60250
427,1,5,1,1,2,60350
428,1,5,1,1,2,60550
429,1,5,1,1,2,60650
432,12,3,18,2,1,60101
434,11,1,18,2,2,60101
438,22,4,1,1,2,60150
439,21,4,1,1,2,60450
440,21,4,1,1,1,60156
441,21,4,1,1,1,60154
442,21,4,1,1,1,60158
443,21,4,1,1,1,60161
444,21,4,1,1,1,60159
445,21,4,1,1,1,60160
446,21,4,1,1,1,60150
447,21,4,1,1,1,60150
449,21,4,1,1,1,60150
450,21,4,1,1,1,60150
451,21,4,1,1,1,60150
452,21,4,1,1,1,60152
453,21,4,1,1,1,60157
454,20,4,1,1,1,60450
456,20,4,1,1,1,60161
457,20,4,1,1,1,60153
458,21,4,1,1,1,60260
459,21,4,1,1,1,60259
460,21,4,1,1,1,60251
461,21,4,1,1,1,60254
462,21,4,1,1,1,61050
463,21,4,1,1,1,60253
464,22,4,1,1,2,60750
465,21,4,1,1,2,60950
466,21,4,1,1,2,60754
467,21,4,1,1,1,60756
468,21,4,1,1,1,60750
469,21,4,1,1,1,60750
470,21,4,1,1,1,60952
471,20,4,1,1,1,60950
472,20,4,1,1,1,60754
473,20,4,1,1,1,60754
474,21,4,1,1,1,60756
475,21,4,1,1,1,60950
478,21,4,1,1,1,60352
479,21,4,1,1,1,60352
480,21,4,1,1,1,60353
481,21,4,1,1,1,60850
482,21,4,1,1,1,60652
483,21,4,1,1,1,60651
484,21,4,1,1,1,60551
485,21,4,1,1,1,60553
486,21,4,1,1,1,60752
487,21,4,1,1,1,60755
488,21,4,1,1,1,60151
490,20,4,1,1,1,60158
491,21,4,1,1,1,61050
492,21,4,1,1,1,60255
493,21,4,1,1,1,60352
495,21,4,1,1,1,60552
496,21,4,1,1,1,60554
498,20,4,1,1,1,60650
499,21,4,1,1,1,60354
500,21,4,1,1,1,60350
501,21,4,1,1,1,60554
502,20,4,1,1,1,60352
503,20,4,1,1,1,60258
504,20,4,1,1,1,60754
506,20,4,1,1,1,60156
507,25,4,7,1,1,60150
508,21,4,1,1,1,60150
510,25,4,7,1,1,60150
511,25,4,7,1,1,60150
513,25,4,6,1,2,60250
517,25,4,4,1,1,60150
518,25,4,4,1,1,60150
519,25,4,7,1,1,60150
520,25,4,17,3,1,60150
521,25,4,17,3,1,60350
526,25,4,7,1,1,60150
528,25,4,6,1,2,60550
529,25,4,4,1,1,60150
532,2,1,6,1,2,70150
533,2,1,1,1,2,70150
534,2,1,3,1,2,70950
535,1,5,1,1,1,70250
537,1,5,1,1,2,70950
540,1,5,1,1,2,71050
541,1,5,1,1,2,71250
542,4,1,1,1,2,71250
543,1,5,1,1,2,71350
547,12,3,18,2,1,71250
551,12,3,18,2,1,70150
552,17,1,18,2,1,70150
554,12,3,18,2,1,70150
555,2,1,1,1,2,70650
556,21,4,1,1,1,70653
557,21,4,1,1,1,70651
558,21,4,1,1,2,70150
559,21,4,1,1,2,70150
560,21,4,1,1,1,70550
561,21,4,1,1,1,70955
562,21,4,1,1,2,70951
563,21,4,1,1,1,70953
564,21,4,1,1,2,70954
565,21,4,1,1,2,70952
566,21,4,1,1,2,70850
567,21,4,1,1,1,71053
568,21,4,1,1,2,70450
569,21,4,1,1,1,71051
570,21,4,1,1,1,71052
571,21,4,1,1,1,71055
572,21,4,1,1,1,71056
573,21,4,1,1,1,71256
575,21,4,1,1,1,70251
576,21,4,1,1,1,70254
577,21,4,1,1,1,70351
578,21,4,1,1,1,71354
579,23,4,1,1,1,70350
580,21,4,1,1,1,71355
581,21,4,1,1,1,71356
582,22,4,1,1,1,71150
583,21,4,1,1,1,71153
584,20,4,1,1,1,71151
585,21,4,1,1,2,71250
586,21,4,1,1,1,71251
588,21,4,1,1,1,71254
589,21,4,1,1,2,71253
590,21,4,1,1,2,70150
591,21,4,1,1,1,70950
592,20,4,1,1,1,70950
594,21,4,1,1,1,70954
595,21,4,1,1,1,70956
596,21,4,1,1,1,71353
597,21,4,1,1,1,71252
598,21,4,1,1,2,70150
601,21,4,1,1,1,71257
605,21,4,1,1,2,70150
607,22,4,1,1,2,70150
608,21,4,1,1,2,70150
610,20,4,1,1,1,71453
611,21,4,1,1,1,70750
614,21,4,1,1,1,71054
616,21,4,1,1,2,71250
617,21,4,1,1,1,71250
619,21,4,1,1,1,71250
620,21,4,1,1,1,71359
621,23,4,1,1,2,70150
622,21,4,1,1,1,70150
623,21,4,1,1,2,70150
624,21,4,1,1,1,70652
625,21,4,1,1,1,71450
626,21,4,1,1,2,71250
627,21,4,1,1,1,71257
629,21,4,1,1,1,70950
630,21,4,1,1,2,70150
633,25,4,2,1,1,70150
634,21,4,1,1,2,70150
636,25,4,3,1,1,70150
637,25,4,3,1,1,70150
639,23,4,12,1,1,70150
640,22,4,6,1,2,71350
641,21,4,6,1,2,71150
642,22,4,6,1,2,71250
644,23,4,3,1,1,71253
645,21,4,6,1,2,70950
647,23,4,3,1,1,70950
648,23,4,3,1,1,70250
649,22,4,6,1,2,71050
653,25,4,17,3,1,70953
657,31,4,17,3,1,71250
662,31,4,17,3,1,70150
665,2,1,6,1,2,80150
666,2,1,1,1,2,80150
668,1,5,1,1,2,80250
669,1,5,1,1,2,80550
670,1,5,1,1,2,80350
671,1,5,1,1,2,80450
675,12,3,18,2,1,80150
676,1,5,1,1,2,80253
682,22,4,1,1,1,80150
683,22,4,1,1,2,80650
684,21,4,1,1,1,80755
685,21,4,1,1,1,80450
686,21,4,1,1,1,80154
687,21,4,1,1,1,80651
688,21,4,1,1,1,80159
689,22,4,1,1,1,80750
690,21,4,1,1,1,80163
691,21,4,1,1,1,80165
692,21,4,1,1,1,80166
693,21,4,1,1,1,80653
694,21,4,1,1,1,80168
695,21,4,1,1,1,80751
696,21,4,1,1,1,80152
697,21,4,1,1,1,80754
698,21,4,1,1,1,80557
699,20,4,1,1,1,80750
700,21,4,1,1,1,80652
701,21,4,1,1,1,80262
702,21,4,1,1,1,80552
703,21,4,1,1,1,80553
704,21,4,1,1,1,80555
705,21,4,1,1,1,80556
706,21,4,1,1,1,80254
707,21,4,1,1,1,80255
708,21,4,1,1,1,80256
709,21,4,1,1,1,80258
710,21,4,1,1,1,80752
711,21,4,1,1,1,80558
712,21,4,1,1,1,80559
713,21,4,1,1,1,80562
714,20,4,1,1,1,80357
715,21,4,1,1,1,80351
716,20,4,1,1,1,80352
717,21,4,1,1,1,80353
718,20,4,1,1,1,80357
719,21,4,1,1,1,80356
720,21,4,1,1,1,80357
721,21,4,1,1,1,80358
722,21,4,1,1,1,80451
723,21,4,1,1,1,80450
724,21,4,1,1,1,80450
725,21,4,1,1,1,80453
726,21,4,1,1,1,80450
727,21,4,1,1,1,80454
729,21,4,1,1,1,80455
731,21,4,1,1,1,80451
732,21,4,1,1,1,80252
733,21,4,1,1,1,80260
734,21,4,1,1,1,80353
736,21,4,1,1,1,80259
737,21,4,1,1,1,80153
738,21,4,1,1,1,80150
741,21,4,1,1,1,80150
742,20,4,1,1,1,80357
743,21,4,1,1,1,80561
744,21,4,1,1,1,80150
745,21,4,1,1,1,80753
746,22,4,1,1,2,80150
747,20,4,1,1,1,80755
748,21,4,1,1,1,80453
751,21,4,1,1,1,80261
753,21,4,1,1,1,80453
755,21,4,1,1,1,80150
756,21,4,1,1,1,80150
757,21,4,1,1,1,80254
758,21,4,1,1,1,80450
759,21,4,1,1,1,80452
760,21,4,1,1,1,80560
761,25,4,7,1,1,80150
763,23,4,12,1,1,80150
764,23,4,2,1,1,80150
766,24,4,17,3,1,80150
767,23,4,3,1,2,80550
769,23,4,2,1,1,80168
770,25,4,7,1,2,80168
772,24,4,17,3,1,80450
774,23,4,17,3,1,80166
775,23,4,17,3,2,80150
776,23,4,10,1,1,80150
778,25,4,7,1,1,80168
779,25,4,7,1,1,80150
780,22,4,6,1,2,80550
782,12,3,18,2,1,90150
784,12,3,18,2,1,90150
788,12,3,18,2,1,90150
790,13,1,18,2,1,90150
792,12,3,18,2,1,91050
793,12,3,18,2,1,90150
796,12,3,18,2,1,90850
799,1,5,1,1,2,92050
801,12,3,18,2,1,90150
802,12,3,18,2,1,90150
803,2,1,3,1,2,90150
804,12,3,18,2,1,90150
806,12,3,18,2,1,90150
810,12,3,18,2,2,90150
812,9,2,1,1,2,90150
813,3,1,1,1,2,90150
814,5,1,13,1,2,90150
815,2,1,9,1,2,90150
816,2,1,1,1,2,90150
817,2,1,13,1,2,90150
818,8,2,15,1,2,90150
819,6,2,13,1,2,90150
820,11,1,6,1,2,90150
821,2,1,3,1,2,90150
822,4,1,13,1,2,90150
823,4,1,1,1,2,90150
824,12,3,18,2,2,240352
825,17,1,18,2,1,90150
826,1,5,6,1,2,90750
827,1,5,1,1,2,92150
828,1,5,1,1,2,90158
829,1,5,1,1,2,90450
831,1,5,1,1,2,90650
832,12,3,18,2,1,91050
833,12,3,18,2,2,91050
834,2,1,6,1,2,91050
835,1,5,1,1,2,91050
836,2,1,17,3,2,91050
837,12,3,18,2,2,90150
838,1,5,1,1,2,91150
841,1,5,1,1,2,240250
842,2,1,6,1,2,240156
843,1,5,1,1,2,240154
844,2,1,17,3,2,92350
845,1,5,1,1,2,90950
846,12,3,18,2,1,90950
847,1,5,1,1,2,91950
848,1,5,1,1,2,240350
850,12,3,18,2,1,91050
853,12,3,18,2,1,90150
856,1,5,1,1,2,90850
858,2,1,2,1,2,90150
859,24,4,18,2,1,90150
862,12,3,18,2,1,90850
863,12,3,18,2,2,91050
865,12,3,18,2,1,90150
866,12,3,18,2,1,240250
868,17,1,18,2,1,90150
872,1,5,1,1,2,91250
873,12,3,18,2,1,90150
875,5,1,1,1,2,90150
876,17,1,18,2,1,90150
877,12,3,18,2,1,90150
878,4,1,1,1,2,90150
882,12,3,18,2,2,90150
884,25,4,17,3,1,90150
886,12,3,18,2,2,90150
888,12,3,18,2,1,90150
889,22,4,1,1,2,90150
890,22,4,1,1,2,90150
891,22,4,1,1,2,90150
892,22,4,1,1,2,90150
893,22,4,1,1,2,90750
894,22,4,1,1,2,90150
895,22,4,1,1,2,90150
896,22,4,1,1,2,90150
897,22,4,1,1,2,90150
898,22,4,1,1,2,90150
899,22,4,1,1,2,90150
900,22,4,1,1,2,90150
901,22,4,1,1,2,90150
902,22,4,1,1,2,90150
903,22,4,1,1,2,90150
904,22,4,1,1,2,90150
905,21,4,1,1,2,90150
906,21,4,1,1,1,90152
907,22,4,1,1,2,90156
908,21,4,1,1,1,90157
909,21,4,1,1,1,90350
910,22,4,1,1,2,90150
911,22,4,1,1,2,90550
912,21,4,1,1,1,92850
913,21,4,1,1,1,90650
914,21,4,1,1,1,92550
915,21,4,1,1,2,90656
916,21,4,1,1,1,92450
917,21,4,1,1,2,91350
918,24,4,1,1,2,91450
919,22,4,1,1,2,91850
920,21,4,1,1,2,90851
921,21,4,1,1,2,92750
922,21,4,1,1,1,91053
923,22,4,1,1,2,91154
924,21,4,1,1,1,91250
925,22,4,1,1,2,91650
926,21,4,1,1,1,91651
927,22,4,1,1,2,240150
928,21,4,1,1,1,240153
929,21,4,1,1,1,240151
930,21,4,1,1,1,240152
931,22,4,1,1,1,240153
932,21,4,1,1,1,240154
933,21,4,1,1,1,240152
934,21,4,1,1,1,91953
935,21,4,1,1,1,91951
936,21,4,1,1,1,91952
937,22,4,1,1,2,90250
938,21,4,1,1,1,92250
939,21,4,1,1,2,91250
940,21,4,1,1,1,92053
941,21,4,1,1,2,92250
942,21,4,1,1,1,92055
944,22,4,1,1,2,90150
945,22,4,1,1,1,90150
946,22,4,1,1,2,90150
948,21,4,1,1,1,90150
949,21,4,1,1,2,90150
950,22,4,1,1,2,90150
951,21,4,1,1,1,90150
952,21,4,1,1,2,90750
953,21,4,1,1,1,240351
954,21,4,1,1,1,91250
955,21,4,1,1,2,90654
956,21,4,1,1,2,91450
957,21,4,1,1,2,91450
958,21,4,1,1,1,91451
959,21,4,1,1,1,91850
960,21,4,1,1,1,91850
961,21,4,1,1,1,90653
962,21,4,1,1,2,90150
963,21,4,1,1,2,240150
964,24,4,1,1,2,90150
965,22,4,1,1,2,90150
966,21,4,1,1,1,90250
967,21,4,1,1,1,91452
968,21,4,1,1,2,90150
969,21,4,1,1,1,91050
970,21,4,1,1,1,92055
971,21,4,1,1,1,92251
972,21,4,1,1,1,92251
973,22,4,1,1,2,90150
974,21,4,1,1,1,90153
975,21,4,1,1,1,92150
976,21,4,1,1,2,92550
977,22,4,1,1,1,91054
978,21,4,1,1,1,92250
980,21,4,1,1,1,90150
981,21,4,1,1,2,90150
982,21,4,1,1,1,90450
983,22,4,1,1,1,91153
984,21,4,1,1,2,91151
985,21,4,1,1,1,240150
986,21,4,1,1,1,92056
988,21,4,1,1,1,91850
989,22,4,1,1,2,90150
990,21,4,1,1,1,91250
991,21,4,1,1,1,91153
992,21,4,1,1,1,90950
993,22,4,1,1,2,90150
994,21,4,1,1,2,90150
996,21,4,1,1,1,92251
999,31,4,17,3,1,90150
1000,25,4,3,1,2,90150
1002,25,4,7,1,1,90150
1003,25,4,9,1,1,90150
1004,25,4,7,1,1,90150
1007,23,4,17,3,1,90150
1009,25,4,5,1,1,90150
1010,25,4,4,1,1,90150
1012,25,4,4,1,1,90150
1013,25,4,4,1,1,90150
1018,23,4,17,3,2,90150
1021,23,4,4,1,1,90150
1022,25,4,12,1,1,90150
1023,25,4,7,1,1,90150
1025,25,4,18,2,1,90150
1027,25,4,7,1,1,90150
1028,25,4,17,3,1,90150
1029,25,4,7,1,1,90150
1034,23,4,13,1,2,90150
1035,23,4,5,1,1,90150
1036,25,4,5,1,1,90150
1040,25,4,7,1,1,90150
1041,25,4,2,1,1,90150
1045,22,4,6,1,2,90150
1046,29,4,9,1,2,90150
1047,22,4,6,1,2,90150
1049,25,4,17,3,2,90150
1050,25,4,17,3,1,90150
1055,25,4,7,1,1,90150
1058,25,4,17,3,1,90150
1059,25,4,4,1,1,90150
1063,25,4,17,3,1,90150
1066,25,4,17,3,2,90150
1067,23,4,4,1,1,90150
1068,25,4,17,3,1,90150
1071,25,4,17,3,1,90150
1075,25,4,5,1,1,90150
1076,25,4,17,3,1,90150
1078,23,4,18,2,1,90750
1080,23,4,3,1,2,90150
1082,25,4,18,2,1,90150
1084,23,4,3,1,1,90150
1085,25,4,5,1,1,240250
1089,23,4,6,1,2,92750
1091,23,4,18,2,1,90150
1092,25,4,5,1,1,90150
1093,25,4,7,1,1,90150
1096,23,4,3,1,1,90150
1098,25,4,17,3,1,91150
1103,23,4,4,1,1,90150
1105,23,4,10,1,2,90150
1106,23,4,17,3,1,90150
1109,25,4,17,3,1,90150
1110,22,4,1,1,2,90150
1111,22,4,1,1,2,90150
1115,25,4,7,1,1,92350
1118,25,4,17,3,1,90150
1119,25,4,17,3,1,90150
1121,23,4,3,1,2,90150
1123,23,4,12,2,1,90150
1126,23,4,18,2,1,90150
1127,25,4,17,3,1,90150
1129,25,4,7,1,1,90150
1131,25,4,7,1,1,90150
1132,25,4,1,1,1,90150
1134,25,4,7,1,1,90150
1135,25,4,7,1,1,90150
1139,23,4,1,1,1,90150
1140,23,4,17,3,1,90150
1145,25,4,7,1,1,90750
1148,25,4,7,1,1,90150
1150,25,4,18,2,1,90150
1154,25,4,2,1,1,90150
1156,25,4,17,3,1,91050
1157,31,4,17,3,1,240250
1159,31,4,17,3,1,90150
1163,23,4,18,2,1,90750
1165,23,4,17,3,1,90150
1169,23,4,4,1,1,90150
1170,12,3,18,2,2,100150
1171,2,1,1,1,2,100150
1172,21,4,6,1,2,100250
1173,1,5,1,1,2,100250
1174,1,5,1,1,2,100350
1175,1,5,1,1,2,100450
1177,12,3,18,2,2,100150
1178,22,4,1,1,2,100150
1179,21,4,1,1,2,100151
1180,21,4,1,1,2,100651
1181,21,4,1,1,2,100153
1182,21,4,1,1,1,100154
1183,21,4,1,1,2,100155
1184,21,4,1,1,1,100552
1185,21,4,1,1,1,100653
1186,21,4,1,1,1,100550
1187,21,4,1,1,1,100157
1188,21,4,1,1,1,100655
1189,21,4,1,1,2,100650
1190,21,4,1,1,1,100652
1191,21,4,1,1,1,100150
1192,21,4,1,1,1,100152
1193,21,4,1,1,1,100553
1194,21,4,1,1,1,100551
1195,21,4,1,1,1,100654
1196,21,4,1,1,1,100150
1198,21,4,1,1,1,100156
1199,21,4,1,1,1,100253
1200,21,4,1,1,1,100254
1201,21,4,1,1,1,100252
1202,20,4,1,1,1,100251
1203,21,4,1,1,1,100357
1204,21,4,1,1,1,100351
1205,21,4,1,1,1,100352
1206,21,4,1,1,1,100353
1207,21,4,1,1,1,100354
1208,20,4,1,1,1,100358
1209,21,4,1,1,1,100356
1210,21,4,1,1,1,100457
1211,21,4,1,1,1,100458
1212,21,4,1,1,1,100459
1213,21,4,1,1,1,100456
1214,21,4,1,1,1,100452
1215,21,4,1,1,1,100450
1216,21,4,1,1,1,100455
1217,21,4,1,1,1,100455
1218,21,4,1,1,1,100451
1219,21,4,1,1,1,100453
1220,20,4,1,1,1,100355
1221,21,4,1,1,1,100151
1222,21,4,1,1,1,100454
1224,21,4,1,1,2,100550
1227,21,4,1,1,1,100352
1230,25,4,7,1,1,100151
1231,25,4,7,1,1,100150
1234,23,4,2,1,1,100150
1235,22,4,6,1,2,100450
1236,21,4,6,1,2,100350
1237,25,4,7,1,1,100451
1238,23,4,3,1,1,100154
1239,24,4,5,1,1,100150
1242,25,4,7,1,1,100150
1243,24,4,17,3,1,100150
1244,24,4,17,3,1,100450
1245,23,4,5,1,1,100150
1247,25,4,7,1,1,100150
1248,12,3,18,2,2,110150
1249,2,1,6,1,2,110150
1250,2,1,1,1,2,110150
1251,2,1,1,1,2,110150
1252,1,5,1,1,2,110250
1253,1,5,1,1,2,110850
1254,1,5,1,1,2,110950
1255,1,5,1,1,2,111050
1256,12,3,18,2,1,110150
1257,1,5,1,1,2,110161
1258,1,5,1,1,2,111150
1259,1,5,1,1,2,110650
1260,12,3,18,2,2,110150
1261,12,3,18,2,1,110150
1263,22,4,1,1,2,110150
1264,22,4,1,1,2,110150
1265,24,4,1,1,2,110350
1266,21,4,1,1,1,110156
1267,21,4,1,1,2,110157
1268,21,4,1,1,1,110162
1269,21,4,1,1,2,110152
1270,21,4,1,1,1,110153
1271,22,4,1,1,1,110351
1272,21,4,1,1,1,110353
1273,21,4,1,1,1,110354
1274,21,4,1,1,2,110159
1275,21,4,1,1,2,110160
1276,20,4,1,1,1,110154
1277,20,4,1,1,1,110352
1278,21,4,1,1,2,110155
1279,21,4,1,1,1,110252
1280,21,4,1,1,2,110450
1281,23,4,1,1,1,111350
1282,20,4,1,1,1,111452
1283,21,4,1,1,1,111450
1284,20,4,1,1,1,110451
1285,21,4,1,1,1,110455
1286,21,4,1,1,1,110456
1287,22,4,1,1,2,110652
1288,21,4,1,1,1,111550
1289,22,4,1,1,2,110750
1290,21,4,1,1,1,110751
1291,21,4,1,1,1,110754
1292,21,4,1,1,1,110756
1293,21,4,1,1,1,110753
1294,21,4,1,1,1,111552
1295,21,4,1,1,1,110853
1296,21,4,1,1,1,110851
1297,21,4,1,1,1,110852
1298,21,4,1,1,1,110550
1299,21,4,1,1,1,111650
1300,21,4,1,1,2,110951
1301,20,4,1,1,1,110956
1302,20,4,1,1,1,110551
1303,20,4,1,1,1,110552
1304,21,4,1,1,1,110954
1305,21,4,1,1,1,110958
1306,21,4,1,1,1,111158
1307,20,4,1,1,1,111651
1308,21,4,1,1,1,110553
1309,21,4,1,1,1,110952
1310,21,4,1,1,2,111351
1311,21,4,1,1,1,111053
1312,21,4,1,1,1,111055
1313,21,4,1,1,2,111354
1314,20,4,1,1,1,111351
1315,20,4,1,1,1,111051
1316,20,4,1,1,1,111351
1317,21,4,1,1,1,111154
1318,21,4,1,1,1,111155
1319,20,4,1,1,1,111150
1320,20,4,1,1,1,111150
1321,20,4,1,1,1,111150
1322,21,4,1,1,1,111150
1323,21,4,1,1,1,111159
1324,21,4,1,1,1,111151
1325,20,4,1,1,1,111157
1326,21,4,1,1,1,111252
1327,21,4,1,1,1,111156
1328,20,4,1,1,1,111251
1330,21,4,1,1,1,110653
1332,20,4,1,1,1,111252
1333,24,4,1,1,2,110150
1334,21,4,1,1,1,111156
1335,21,4,1,1,2,110150
1336,21,4,1,1,1,111250
1337,20,4,1,1,1,111156
1338,20,4,1,1,1,111150
1339,20,4,1,1,1,111156
1340,20,4,1,1,1,111250
1341,20,4,1,1,1,110957
1342,20,4,1,1,1,111054
1344,20,4,1,1,1,111451
1345,1,5,11,1,2,110150
1349,25,4,12,1,2,110150
1350,8,2,15,1,2,110150
1351,25,4,2,1,1,110150
1352,25,4,3,1,1,110150
1353,25,4,3,1,1,110250
1355,25,4,3,1,1,110450
1356,25,4,3,1,1,110850
1357,21,4,6,1,2,110850
1358,21,4,6,1,2,110250
1359,25,4,3,1,1,110150
1360,25,4,3,1,1,110350
1361,25,4,17,3,2,110150
1363,25,4,7,1,1,110150
1365,25,4,17,3,1,110150
1367,24,4,17,3,1,110150
1369,25,4,7,1,1,110350
1371,25,4,7,1,1,110150
1372,25,4,5,1,1,110150
1377,2,1,6,1,2,120150
1378,12,3,18,2,1,120150
1379,2,1,1,1,2,120150
1382,12,3,18,2,1,120550
1383,1,5,1,1,2,120550
1384,1,5,1,1,2,120651
1385,1,5,1,1,2,120850
1386,12,3,18,2,1,120150
1388,25,4,17,3,2,120155
1390,1,5,1,1,2,120750
1391,1,5,1,1,2,120250
1393,12,3,18,2,1,120150
1394,21,4,1,1,2,120155
1395,21,4,1,1,1,120153
1396,21,4,1,1,1,120154
1397,21,4,1,1,1,120350
1398,21,4,1,1,1,120152
1399,21,4,1,1,1,120251
1400,21,4,1,1,2,120252
1401,21,4,1,1,2,120452
1402,21,4,1,1,1,120451
1403,21,4,1,1,2,120450
1404,21,4,1,1,2,121250
1405,21,4,1,1,1,120553
1406,21,4,1,1,2,121050
1407,21,4,1,1,2,120550
1408,21,4,1,1,1,121150
1409,21,4,1,1,1,120750
1410,21,4,1,1,1,121350
1411,21,4,1,1,2,120950
1412,21,4,1,1,1,120851
1413,21,4,1,1,1,120651
1414,21,4,1,1,1,120350
1416,21,4,1,1,2,120550
1417,21,4,1,1,1,120650
1418,21,4,1,1,1,120752
1419,21,4,1,1,1,120150
1420,21,4,1,1,1,121051
1421,21,4,1,1,1,120851
1422,21,4,1,1,2,121150
1423,21,4,1,1,2,120150
1425,21,4,1,1,2,121150
1426,21,4,1,1,1,120550
1427,21,4,1,1,2,120550
1428,21,4,1,1,1,120752
1429,21,4,1,1,1,120754
1430,21,4,1,1,1,120851
1431,21,4,1,1,1,120651
1432,21,4,1,1,1,120850
1433,21,4,1,1,1,120651
1435,21,4,1,1,2,120350
1436,21,4,1,1,1,120850
1441,31,4,18,2,1,120550
1442,23,4,3,1,1,120550
1444,22,4,1,1,1,120150
1446,25,4,2,1,1,120150
1449,25,4,12,1,1,120150
1450,25,4,17,3,2,120850
1452,25,4,17,3,1,120150
1453,25,4,6,1,2,120850
1454,31,4,14,1,1,120550
1457,31,4,17,3,1,120150
1458,25,4,6,1,2,120750
1460,21,4,1,1,2,120750
1462,2,1,1,1,2,130150
1463,1,5,1,1,2,130250
1465,12,3,18,2,1,130350
1466,2,1,1,1,2,130350
1468,1,5,1,1,2,130650
1469,12,3,18,2,1,130850
1470,2,1,6,1,1,130850
1472,2,1,1,1,2,130850
1474,1,5,1,1,2,131450
1477,1,5,1,1,2,130450
1478,2,1,3,1,2,130850
1479,1,5,1,1,2,131050
1480,1,5,1,1,2,131250
1481,12,3,18,2,1,130350
1482,12,3,18,2,1,130150
1485,1,5,6,1,2,130350
1486,12,3,18,2,1,130850
1488,12,3,18,2,1,130650
1489,12,3,18,2,1,130650
1490,12,3,18,2,2,130850
1491,21,4,1,1,2,130151
1492,21,4,1,1,1,130152
1493,21,4,1,1,1,130150
1494,21,4,1,1,1,130150
1495,21,4,1,1,1,130154
1496,22,4,1,1,2,130155
1497,21,4,1,1,2,130156
1498,21,4,1,1,2,130153
1499,22,4,1,1,2,131150
1500,21,4,1,1,2,130252
1501,22,4,1,1,2,130350
1502,21,4,1,1,1,130351
1503,21,4,1,1,2,130352
1504,21,4,1,1,2,130353
1505,21,4,1,1,1,130355
1506,22,4,1,1,2,130550
1507,21,4,1,1,1,130356
1508,21,4,1,1,1,130357
1509,21,4,1,1,1,130450
1510,21,4,1,1,1,130651
1511,21,4,1,1,2,130652
1512,21,4,1,1,2,130653
1513,21,4,1,1,2,131951
1514,22,4,1,1,1,130657
1515,21,4,1,1,1,130650
1516,22,4,1,1,2,131950
1517,24,4,1,1,2,130750
1518,22,4,1,1,2,130851
1519,22,4,1,1,2,130950
1520,22,4,1,1,2,132150
1521,21,4,1,1,1,131051
1522,21,4,1,1,1,131052
1523,21,4,1,1,1,131053
1524,21,4,1,1,1,131054
1525,21,4,1,1,1,131551
1526,21,4,1,1,1,131552
1527,24,4,1,1,2,131550
1528,24,4,1,1,2,131350
1529,21,4,1,1,1,131351
1530,21,4,1,1,1,131352
1531,21,4,1,1,1,131355
1532,22,4,1,1,2,131850
1533,22,4,1,1,2,131450
1534,21,4,1,1,1,132251
1535,21,4,1,1,1,131751
1536,21,4,1,1,2,131453
1537,21,4,1,1,1,131752
1538,21,4,1,1,2,132050
1539,22,4,1,1,2,131750
1540,21,4,1,1,1,131457
1541,22,4,1,1,2,132250
1542,21,4,1,1,2,131453
1543,21,4,1,1,1,131651
1544,21,4,1,1,1,131652
1545,22,4,1,1,2,131650
1546,21,4,1,1,1,130356
1547,21,4,1,1,1,130450
1548,21,4,1,1,2,130150
1549,21,4,1,1,1,130157
1550,22,4,17,3,2,130850
1551,22,4,1,1,2,130950
1552,22,4,1,1,2,130850
1554,22,4,1,1,2,130850
1555,21,4,1,1,1,130150
1556,21,4,1,1,1,130251
1557,22,4,1,1,1,130850
1558,21,4,1,1,2,130450
1559,21,4,1,1,1,131051
1560,21,4,1,1,2,130157
1561,21,4,1,1,1,130150
1562,21,4,1,1,1,130750
1563,21,4,1,1,1,131353
1564,21,4,1,1,1,131753
1565,21,4,1,1,2,130150
1566,22,4,1,1,1,130150
1568,21,4,1,1,1,130657
1569,21,4,1,1,1,130656
1570,21,4,1,1,1,130652
1571,21,4,1,1,1,131151
1572,21,4,1,1,2,131152
1573,21,4,1,1,1,130355
1574,21,4,1,1,1,131353
1575,21,4,1,1,1,131651
1576,21,4,1,1,1,130652
1577,22,4,1,1,2,130850
1578,21,4,1,1,2,130451
1579,21,4,1,1,1,131453
1580,22,4,1,1,1,130654
1581,21,4,1,1,2,130150
1582,21,4,1,1,1,130151
1583,21,4,1,1,1,130156
1584,22,4,1,1,2,130850
1586,22,4,1,1,1,130950
1587,21,4,1,1,2,130150
1588,21,4,1,1,2,130150
1589,21,4,1,1,1,132250
1590,21,4,1,1,1,131350
1591,21,4,1,1,2,131453
1592,21,4,1,1,1,130150
1593,21,4,1,1,1,130155
1595,21,4,1,1,1,130155
1597,21,4,1,1,2,130850
1598,21,4,1,1,2,130950
1599,21,4,1,1,1,130155
1602,22,4,1,1,2,130850
1603,21,4,1,1,2,130150
1606,21,4,1,1,2,130153
1607,21,4,1,1,2,130250
1608,21,4,1,1,1,130350
1611,21,4,1,1,2,130850
1612,21,4,1,1,1,130850
1613,22,4,1,1,2,130850
1614,22,4,1,1,1,130850
1616,25,4,6,1,2,130150
1618,25,4,2,1,1,130150
1619,25,4,2,1,1,130150
1621,26,4,9,1,1,130150
1623,25,4,12,1,1,130150
1624,25,4,6,1,1,131450
1625,29,4,9,1,2,130650
1626,25,4,11,1,1,130650
1627,25,4,7,1,1,130150
1631,31,4,11,1,2,130850
1634,31,4,18,2,1,130850
1635,31,4,17,3,1,130150
1638,25,4,7,1,1,130950
1641,25,4,6,1,2,130850
1647,2,1,1,1,2,140150
1648,1,5,1,1,2,140250
1649,1,5,1,1,2,140350
1650,1,5,1,1,2,140550
1651,1,5,1,1,2,140650
1652,1,5,1,1,2,140950
1656,21,4,1,1,2,140157
1657,21,4,1,1,1,140751
1658,20,4,1,1,1,140157
1659,21,4,1,1,1,140162
1660,20,4,1,1,1,140151
1661,21,4,1,1,1,140157
1662,21,4,1,1,1,140952
1663,22,4,1,1,1,140158
1664,20,4,1,1,1,141150
1665,21,4,1,1,1,140254
1666,22,4,1,1,2,140450
1667,21,4,1,1,1,141250
1668,21,4,1,1,1,140553
1669,20,4,1,1,1,141052
1670,22,4,1,1,2,140650
1671,21,4,1,1,1,141051
1672,20,4,1,1,1,141051
1673,20,4,1,1,1,140162
1674,22,4,1,1,1,141150
1675,21,4,1,1,1,140253
1676,21,4,1,1,1,140850
1677,21,4,1,1,2,141050
1678,21,4,1,1,2,140652
1679,20,4,1,1,1,140357
1680,21,4,1,1,1,140953
1681,21,4,1,1,1,140358
1683,21,4,1,1,1,140551
1684,21,4,1,1,1,140556
1685,21,4,1,1,2,141251
1686,21,4,1,1,1,140351
1687,21,4,1,1,1,140256
1689,21,4,1,1,1,140357
1690,21,4,1,1,1,140554
1692,21,4,1,1,2,140750
1693,20,4,1,1,1,141251
1694,20,4,1,1,1,140650
1695,21,4,1,1,1,140751
1696,20,4,1,1,1,140951
1697,20,4,1,1,1,140951
1698,1,5,6,1,2,140150
1699,25,4,3,1,1,140950
1700,25,4,3,1,1,140553
1703,22,4,6,1,2,140650
1704,21,4,1,1,2,140650
1705,22,4,1,1,2,140150
1708,2,1,1,1,2,150150
1709,1,5,16,1,2,150350
1710,1,5,16,1,1,220250
1712,2,1,1,1,2,220150
1713,1,5,16,1,2,150450
1714,2,1,3,1,2,220150
1715,1,5,1,1,2,150750
1716,21,4,1,1,2,150155
1717,21,4,1,1,2,150450
1718,21,4,1,1,1,150752
1719,21,4,1,1,2,150151
1720,22,4,1,1,2,220350
1721,21,4,1,1,1,150153
1722,21,4,1,1,2,150950
1723,21,4,1,1,2,150352
1724,22,4,1,1,2,220450
1725,21,4,1,1,1,150751
1726,22,4,1,1,1,150350
1727,21,4,1,1,1,150754
1728,21,4,1,1,1,220452
1729,21,4,1,1,1,150157
1730,21,4,1,1,1,220353
1733,21,4,1,1,2,150156
1734,21,4,1,1,1,220354
1735,20,4,1,1,1,150454
1736,20,4,1,1,1,150455
1741,11,1,6,1,2,150150
1742,23,4,18,2,1,220150
1743,23,4,9,1,1,220151
1746,25,4,7,1,1,150150
1747,2,1,1,1,2,160150
1749,2,1,3,1,2,160150
1751,1,5,6,1,2,160150
1752,21,4,1,1,1,160250
1754,21,4,1,1,1,160251
1755,21,4,1,1,1,160252
1756,21,4,1,1,1,160451
1757,21,4,1,1,1,160154
1758,21,4,1,1,1,160155
1759,21,4,1,1,1,160165
1760,21,4,1,1,1,160156
1761,21,4,1,1,1,160163
1762,21,4,1,1,1,160164
1763,21,4,1,1,1,160450
1764,20,4,1,1,1,160157
1765,21,4,1,1,1,160152
1768,21,4,1,1,1,160162
1769,21,4,1,1,1,160161
1771,21,4,1,1,1,160161
1774,21,4,1,1,1,160350
1776,21,4,1,1,1,160150
1777,21,4,1,1,1,160451
1778,21,4,1,1,1,160156
1779,21,4,1,1,1,160450
1780,21,4,1,1,1,160162
1781,21,4,1,1,1,160162
1782,20,4,1,1,1,160162
1783,21,4,1,1,1,160166
1784,21,4,1,1,1,160165
1785,20,4,1,1,1,160450
1792,12,3,18,2,1,170150
1793,12,3,18,2,1,170150
1796,12,3,18,2,1,170150
1799,12,3,18,2,2,170150
1800,12,3,18,2,1,170150
1801,12,3,18,2,1,170150
1802,12,3,18,2,1,170150
1803,12,3,18,2,1,170150
1804,12,3,18,2,2,170150
1805,12,3,18,2,2,170150
1806,12,3,18,2,1,170150
1807,12,3,18,2,1,170150
1810,2,1,11,1,2,170150
1811,11,1,6,1,2,170150
1812,5,1,1,1,2,170150
1813,11,1,1,1,2,170150
1814,10,2,1,1,2,170150
1815,2,1,1,1,2,170150
1816,2,1,2,1,2,170150
1817,6,2,18,2,2,170150
1818,8,2,15,1,2,170150
1819,11,1,3,1,2,170150
1820,2,1,18,2,2,170150
1821,6,2,1,1,2,170150
1822,4,1,1,1,2,170150
1823,7,2,1,1,2,170150
1824,16,2,17,3,1,170151
1825,6,2,1,1,2,170156
1826,1,5,1,1,2,170169
1828,12,3,18,2,1,170150
1829,1,5,1,1,2,170250
1830,1,5,1,1,2,170350
1831,1,5,1,1,2,170550
1832,12,3,18,2,1,230150
1833,2,1,1,1,2,230150
1834,12,3,18,2,1,230150
1835,13,1,18,2,1,170150
1837,12,3,18,2,1,170150
1838,1,5,1,1,2,170185
1839,2,1,1,1,2,170150
1841,12,3,18,2,1,230150
1844,11,1,18,2,2,170150
1846,12,3,18,2,1,170150
1847,12,3,18,2,1,170150
1848,12,3,18,2,2,170150
1849,13,1,18,2,1,170150
1850,12,3,18,2,2,170150
1853,12,3,18,2,1,170550
1856,12,3,18,2,1,170150
1858,12,3,18,2,2,170150
1860,12,3,18,2,1,170150
1862,12,3,18,2,1,170350
1866,22,4,1,1,2,170150
1867,22,4,1,1,2,170150
1868,22,4,1,1,2,170150
1869,22,4,1,1,2,170150
1870,22,4,1,1,2,170150
1871,22,4,1,1,2,170150
1872,22,4,1,1,1,170150
1873,22,4,1,1,2,170150
1874,22,4,1,1,2,170150
1875,21,4,1,1,1,170150
1877,21,4,1,1,1,170150
1879,21,4,1,1,1,170150
1880,21,4,1,1,1,170150
1881,21,4,1,1,1,170150
1882,21,4,1,1,1,170150
1883,21,4,1,1,1,170150
1885,21,4,1,1,1,170151
1886,21,4,1,1,1,170151
1887,21,4,1,1,1,170152
1888,21,4,1,1,1,170153
1889,22,4,1,1,2,170155
1890,21,4,1,1,1,170154
1891,22,4,1,1,2,170156
1893,21,4,1,1,1,170157
1894,21,4,1,1,1,170159
1895,21,4,1,1,2,170163
1896,21,4,1,1,1,170161
1897,21,4,1,1,1,170751
1898,21,4,1,1,1,170168
1899,21,4,1,1,1,170171
1900,21,4,1,1,1,170172
1901,22,4,1,1,2,170850
1902,21,4,1,1,1,170175
1903,21,4,1,1,1,170176
1904,21,4,1,1,1,170177
1905,21,4,1,1,1,170178
1906,21,4,1,1,1,170179
1907,21,4,1,1,1,170160
1908,21,4,1,1,1,170180
1909,21,4,1,1,1,170181
1910,21,4,1,1,2,170750
1911,21,4,1,1,1,170184
1912,21,4,1,1,1,170186
1913,21,4,1,1,1,170170
1914,21,4,1,1,2,170950
1915,21,4,1,1,1,170250
1916,21,4,1,1,1,170252
1917,21,4,1,1,1,170253
1918,21,4,1,1,1,170254
1919,21,4,1,1,1,170251
1920,21,4,1,1,1,170351
1921,21,4,1,1,1,170355
1922,21,4,1,1,1,170356
1923,21,4,1,1,1,170357
1924,21,4,1,1,1,170352
1925,22,4,1,1,2,170450
1926,21,4,1,1,1,170451
1927,21,4,1,1,1,170452
1928,21,4,1,1,1,170453
1929,21,4,1,1,1,170551
1930,21,4,1,1,1,170550
1931,21,4,1,1,1,170550
1933,22,4,1,1,2,230250
1934,21,4,1,1,2,230150
1935,21,4,1,1,2,230250
1936,21,4,1,1,2,230151
1937,21,4,1,1,2,230154
1938,21,4,1,1,1,170454
1940,21,4,1,1,2,170150
1941,21,4,1,1,1,170150
1942,21,4,1,1,2,170150
1943,21,4,1,1,1,170354
1944,21,4,1,1,1,170150
1945,21,4,1,1,1,170150
1946,21,4,1,1,1,170150
1947,21,4,1,1,1,170150
1948,21,4,1,1,1,170150
1949,21,4,1,1,1,170550
1950,21,4,1,1,1,170150
1951,21,4,1,1,1,170255
1953,21,4,1,1,1,170150
1954,21,4,1,1,1,170166
1955,21,4,1,1,1,170165
1956,21,4,1,1,1,170150
1957,21,4,1,1,1,170150
1958,21,4,1,1,1,170183
1959,21,4,1,1,1,170150
1960,21,4,1,1,1,170150
1961,21,4,1,1,1,170174
1962,21,4,1,1,1,170158
1963,21,4,1,1,1,170164
1965,21,4,1,1,1,230157
1966,21,4,1,1,1,170150
1967,21,4,1,1,1,170150
1968,21,4,1,1,2,230157
1969,23,4,12,1,1,170150
1970,21,4,1,1,2,230153
1971,21,4,1,1,2,230150
1972,21,4,1,1,2,170150
1973,21,4,1,1,2,230153
1974,21,4,1,1,1,170150
1975,21,4,1,1,1,170162
1976,21,4,1,1,2,170150
1978,22,4,1,1,2,170150
1979,22,4,1,1,2,230150
1980,21,4,1,1,1,170353
1981,21,4,1,1,1,230155
1982,21,4,1,1,1,170150
1985,21,4,1,1,1,170150
1986,22,4,1,1,1,170150
1987,21,4,1,1,1,170150
1988,21,4,1,1,1,170150
1989,22,4,1,1,1,170150
1990,21,4,1,1,1,170150
1991,21,4,1,1,2,230150
1992,21,4,1,1,1,170550
1993,21,4,1,1,1,170150
1994,21,4,1,1,1,170150
1995,21,4,1,1,1,170150
1996,22,4,17,3,2,170150
1997,21,4,1,1,2,170150
1998,21,4,1,1,1,170150
1999,22,4,6,1,2,170150
2000,22,4,6,1,2,170150
2001,22,4,6,1,2,170150
2002,22,4,6,1,2,170150
2003,21,4,6,1,2,170152
2004,22,4,6,1,2,170550
2006,22,4,11,1,2,170150
2007,25,4,7,1,1,170150
2009,25,4,7,1,1,170150
2010,25,4,7,1,1,170150
2011,25,4,7,1,1,170150
2014,25,4,7,1,1,170150
2015,25,4,7,1,1,170150
2017,25,4,7,1,1,170150
2020,23,4,4,1,1,170150
2021,25,4,7,1,1,170150
2022,23,4,4,1,1,170150
2023,23,4,4,1,1,170150
2024,23,4,18,2,1,170150
2025,23,4,4,1,1,170150
2026,23,4,4,1,1,170150
2027,23,4,4,1,1,170150
2028,25,4,7,1,1,170150
2029,25,4,7,1,1,170150
2030,23,4,4,1,1,170150
2031,25,4,7,1,2,170150
2032,23,4,18,2,1,170150
2033,25,4,7,1,1,170150
2037,24,4,17,3,1,230150
2038,24,4,17,3,1,170150
2039,24,4,17,3,1,170150
2042,23,4,11,1,1,170150
2044,23,4,5,1,1,170150
2045,23,4,4,1,1,170150
2046,23,4,2,1,1,170150
2048,23,4,4,1,1,170150
2049,23,4,5,1,1,170150
2050,23,4,5,1,1,170150
2051,23,4,11,1,1,170150
2052,23,4,4,1,1,170150
2053,23,4,5,1,1,170150
2054,23,4,2,1,1,170150
2055,23,4,4,1,1,170150
2056,23,4,4,1,1,170150
2057,23,4,4,1,1,170150
2059,25,4,7,1,1,170150
2061,25,4,7,1,1,170150
2062,25,4,7,1,1,170150
2063,25,4,7,1,1,170150
2067,25,4,7,1,1,170150
2069,23,4,12,1,1,170150
2070,25,4,7,1,1,170150
2071,25,4,7,1,1,170150
2072,25,4,7,1,1,170150
2073,23,4,11,1,1,170150
2074,23,4,11,1,1,170150
2075,23,4,18,2,1,170175
2076,25,4,7,1,1,170150
2077,25,4,7,1,1,170150
2078,23,4,3,1,1,170150
2079,25,4,7,1,1,170550
2083,25,4,7,1,1,170150
2084,25,4,7,1,1,170150
2088,23,4,5,1,1,170150
2089,25,4,7,1,1,170150
2091,23,4,9,1,1,170150
2092,25,4,7,1,1,170150
2093,25,4,7,1,1,170150
2096,25,4,7,1,1,170353
2098,25,4,7,1,1,170150
2099,23,4,2,1,1,170177
2100,25,4,7,1,1,170150
2101,25,4,7,1,1,170150
2105,25,4,7,1,1,170150
2108,25,4,7,1,1,170150
2109,25,4,7,1,1,170150
2110,12,3,18,2,1,170150
2111,25,4,7,1,1,170150
2112,25,4,7,1,1,170183
2114,25,4,7,1,1,170150
2115,25,4,7,1,1,170150
2117,25,4,7,1,1,170150
2118,23,4,1,1,1,170150
2119,25,4,7,1,1,170150
2121,25,4,7,1,1,170150
2122,25,4,7,1,1,170150
2123,23,4,18,2,1,170150
2125,25,4,7,1,1,170150
2126,25,4,7,1,1,170150
2127,23,4,2,1,1,170150
2128,25,4,7,1,1,170150
2129,25,4,7,1,1,170150
2131,25,4,7,1,1,170150
2133,23,4,2,1,1,170150
2134,25,4,7,1,1,170150
2135,25,4,7,1,1,170150
2136,25,4,7,1,1,170150
2138,25,4,7,1,1,170180
2140,25,4,7,1,1,170150
2141,25,4,7,1,1,170150
2142,25,4,7,1,1,170150
2143,25,4,7,1,1,170150
2144,24,4,12,1,2,170150
2145,25,4,7,1,1,170150
2150,23,4,3,1,1,170152
2151,23,4,3,1,1,170350
2152,23,4,3,1,1,170550
2155,23,4,3,1,1,170150
2156,23,4,3,1,1,170150
2157,23,4,3,1,1,170150
2158,23,4,3,1,1,170550
2160,23,4,3,1,1,170150
2165,23,4,2,1,1,170356
2167,25,4,7,1,1,170250
2168,25,4,7,1,1,170150
2169,25,4,7,1,1,170350
2170,22,4,1,1,2,170150
2173,23,4,3,1,1,170150
2174,22,4,6,1,2,170150
2175,23,4,12,1,1,170150
2176,25,4,7,1,1,170351
2179,25,4,7,1,1,170157
2181,25,4,7,1,1,170150
2182,25,4,7,1,1,170150
2184,25,4,7,1,1,170150
2185,25,4,7,1,1,170550
2188,25,4,7,1,1,170184
2189,25,4,7,1,1,170150
2192,25,4,7,1,1,170150
2195,25,4,7,1,1,170150
2197,25,4,7,1,1,170150
2199,23,4,18,2,1,170150
2201,25,4,7,1,1,170150
2202,25,4,7,1,1,170150
2203,25,4,7,1,1,170551
2204,25,4,7,1,1,170150
2205,22,4,1,1,2,170150
2206,25,4,7,1,1,170180
2211,25,4,7,1,1,170150
2212,25,4,7,1,1,170156
2215,25,4,7,1,1,170150
2216,25,4,7,1,1,170150
2220,25,4,7,1,1,170150
2222,25,4,7,1,1,170150
2223,21,4,6,1,2,170250
2224,25,4,7,1,1,170150
2225,21,4,6,1,2,170450
2226,22,4,6,1,2,170150
2227,23,4,17,3,1,170150
2229,25,4,7,1,1,170155
2231,25,4,7,1,1,170150
2232,22,4,6,1,2,230150
2233,25,4,7,1,1,170150
2234,23,4,6,1,1,170150
2235,23,4,9,1,1,170150
2236,25,4,7,1,1,170150
2241,23,4,3,1,2,170177
2244,24,4,17,3,1,170150
2250,25,4,7,1,1,170150
2251,25,4,7,1,1,170150
2252,25,4,7,1,1,170150
2255,25,4,7,1,1,170150
2256,25,4,7,1,1,170150
2257,25,4,7,1,1,170550
2259,25,4,7,1,1,170150
2262,25,4,7,1,1,170150
2264,25,4,7,1,1,170150
2265,25,4,7,1,1,170551
2267,25,4,7,1,1,170150
2268,25,4,7,1,1,170150
2269,23,4,4,1,1,170150
2270,25,4,7,1,1,170150
2271,23,4,9,1,1,170150
2273,24,4,17,3,1,170150
2274,23,4,3,1,1,170150
2277,25,4,7,1,1,170150
2278,25,4,7,1,1,170175
2283,24,4,17,3,1,170150
2284,24,4,17,3,1,230150
2285,25,4,7,1,1,170150
2287,25,4,7,1,1,170150
2291,25,4,7,1,1,170150
2294,25,4,7,1,1,230150
2295,25,4,7,1,1,170152
2296,25,4,7,1,1,170150
2297,25,4,7,1,1,230150
2298,25,4,7,1,1,170150
2299,25,4,7,1,1,230155
2300,24,4,1,1,1,170156
2301,12,3,18,2,1,180107
2305,2,1,6,1,2,180101
2306,2,1,1,1,2,180105
2308,1,5,1,1,2,180750
2309,1,5,1,1,2,180850
2310,12,3,18,2,1,180109
2311,12,3,18,2,1,180850
2312,12,3,18,2,1,180104
2314,12,3,18,2,1,180107
2315,12,3,18,2,2,180109
2318,22,4,1,1,2,180107
2319,21,4,1,1,1,180153
2320,21,4,1,1,1,180350
2321,21,4,1,1,1,180450
2322,21,4,1,1,1,180159
2323,21,4,1,1,1,180161
2324,21,4,1,1,1,180162
2325,21,4,1,1,1,180152
2326,21,4,1,1,1,180154
2327,21,4,1,1,1,180156
2328,21,4,1,1,1,180160
2329,21,4,1,1,1,180165
2330,21,4,1,1,1,180950
2331,21,4,1,1,1,180157
2332,21,4,1,1,1,180151
2333,21,4,1,1,1,180155
2334,21,4,1,1,1,180166
2335,21,4,1,1,1,180950
2336,21,4,1,1,1,180951
2337,21,4,1,1,1,180252
2338,21,4,1,1,1,180253
2339,22,4,1,1,2,180550
2340,21,4,1,1,1,180753
2341,21,4,1,1,1,180757
2342,21,4,1,1,1,180758
2343,20,4,1,1,1,180750
2344,21,4,1,1,1,180751
2345,21,4,1,1,1,180856
2346,21,4,1,1,1,180857
2347,21,4,1,1,1,180855
2348,22,4,1,1,1,180650
2349,20,4,1,1,1,180650
2350,21,4,1,1,1,180650
2351,20,4,1,1,1,180650
2352,20,4,1,1,1,180650
2353,20,4,1,1,1,180652
2354,20,4,1,1,1,180350
2355,20,4,1,1,1,180153
2356,20,4,1,1,1,180153
2357,20,4,1,1,1,180153
2358,20,4,1,1,1,180350
2359,21,4,1,1,1,180167
2360,20,4,1,1,1,180168
2361,21,4,1,1,1,180450
2362,20,4,1,1,1,180350
2363,21,4,1,1,1,180158
2364,21,4,1,1,1,180103
2365,21,4,1,1,1,180105
2366,22,4,1,1,2,180102
2367,20,4,1,1,1,180153
2368,21,4,1,1,1,180754
2369,21,4,1,1,1,180855
2370,21,4,1,1,1,180553
2371,21,4,1,1,1,180551
2372,21,4,1,1,1,180164
2373,22,4,1,1,1,180107
2374,21,4,1,1,1,180756
2375,21,4,1,1,1,180755
2376,21,4,1,1,1,180752
2377,20,4,1,1,1,180852
2378,21,4,1,1,1,180450
2379,21,4,1,1,1,180855
2382,21,4,2,1,2,180107
2386,25,4,7,1,1,180105
2387,25,4,2,1,1,180108
2388,25,4,3,1,2,180156
2389,21,4,6,1,2,180250
2390,25,4,7,1,1,180109
2391,25,4,5,1,1,180856
2392,25,4,4,1,1,180104
2393,24,4,17,3,1,180107
2396,25,4,10,1,1,180107
2397,25,4,7,1,1,180106
2399,2,1,1,1,2,190150
2400,1,5,1,1,2,190550
2401,1,5,1,1,2,190250
2402,21,4,1,1,1,190151
2403,20,4,1,1,1,190553
2404,21,4,1,1,1,190750
2405,21,4,1,1,1,190152
2406,21,4,1,1,1,190350
2407,20,4,1,1,1,190153
2408,21,4,1,1,1,190650
2409,21,4,1,1,1,190950
2410,21,4,1,1,1,190553
2411,20,4,1,1,1,190251
2412,20,4,1,1,1,190252
2413,23,4,1,1,1,190850
2414,21,4,1,1,1,190853
2415,20,4,1,1,1,190254
2416,20,4,1,1,1,190851
2417,21,4,1,1,1,190450
2418,20,4,1,1,1,190452
2419,21,4,1,1,1,190158
2420,20,4,1,1,1,190852
2421,20,4,1,1,1,190451
2422,21,4,1,1,1,190551
2424,21,4,1,1,1,190150
2425,21,4,1,1,1,190158
2426,20,4,1,1,1,190250
2427,21,4,1,1,1,190651
2428,1,5,6,1,2,190150
2429,25,4,3,1,1,190150
2430,25,4,3,1,1,190250
2431,1,5,1,1,2,200150
2432,1,5,1,1,2,200350
2433,20,4,1,1,1,200152
2434,21,4,1,1,2,200250
2435,21,4,1,1,2,200151
2436,21,4,1,1,1,200351
2440,2,1,1,1,2,210150
2441,1,5,1,1,2,210450
2442,21,4,1,1,1,210650
2443,21,4,1,1,1,210250
2444,21,4,1,1,1,210551
2445,21,4,1,1,2,210451
2446,21,4,1,1,1,210750
2448,21,4,1,1,1,210550
2449,21,4,1,1,1,210652
2450,21,4,1,1,1,210554
2451,21,4,1,1,2,210450
2452,21,4,1,1,1,210350
2453,21,4,1,1,1,210351
2454,21,4,1,1,1,210157
2455,21,4,1,1,1,210156
2457,21,4,1,1,1,210153
2458,20,4,1,1,1,210453
2459,21,4,1,1,1,210251
2462,23,4,9,1,1,210150
2463,23,4,3,1,1,210158
2464,23,4,3,1,1,210150
2465,23,4,3,1,1,210350
2467,23,4,9,1,1,210450
5001,25,4,8,1,1,10152
5002,25,4,8,1,1,10156
5003,25,4,8,1,1,10157
5004,25,4,8,1,1,10157
5005,25,4,8,1,1,10159
5006,25,4,8,1,1,10160
5007,25,4,8,1,1,10161
5008,25,4,8,1,1,10163
5009,25,4,8,1,1,10165
5010,25,4,8,1,1,10166
5011,25,4,8,1,1,10167
5012,25,4,8,1,1,10168
5013,25,4,8,1,1,10169
5014,25,4,8,1,1,10170
5015,25,4,8,1,1,10251
5016,25,4,8,1,1,10252
5017,25,4,8,1,1,10352
5018,25,4,8,1,1,10353
5019,25,4,8,1,1,10357
5020,25,4,8,1,1,10357
5021,25,4,8,1,1,10358
5022,25,4,8,1,1,10450
5023,25,4,8,1,1,10451
5024,25,4,8,1,1,10452
5025,25,4,8,1,1,10453
5026,25,4,8,1,1,10552
5027,25,4,8,1,1,10553
5028,25,4,8,1,1,10554
5029,25,4,8,1,1,10556
5030,25,4,8,1,1,10561
5031,25,4,8,1,1,10650
5032,25,4,8,1,1,10650
5033,25,4,8,1,1,10850
5034,25,4,8,1,1,10850
5035,25,4,8,1,1,10950
5036,25,4,8,1,1,10952
5037,25,4,8,1,1,10954
5038,25,4,8,1,1,10955
5039,25,4,8,1,1,10956
5040,25,4,8,1,1,11050
5041,25,4,8,1,1,11150
5042,25,4,8,1,1,11150
5043,25,4,8,1,1,11250
5044,25,4,8,1,1,11352
5045,25,4,8,1,1,11450
5046,25,4,8,1,1,20150
5047,25,4,8,1,1,20150
5048,25,4,8,1,1,20153
5049,25,4,8,1,1,20155
5050,25,4,8,1,1,20156
5051,25,4,8,1,1,20157
5052,25,4,8,1,1,20250
5053,25,4,8,1,1,20250
5054,25,4,8,1,1,20250
5055,25,4,8,1,1,20353
5056,25,4,8,1,1,20450
5057,25,4,8,1,1,20450
5058,25,4,8,1,1,20550
5059,25,4,8,1,1,20551
5060,25,4,8,1,1,20552
5061,25,4,8,1,1,20552
5062,25,4,8,1,1,20556
5063,25,4,8,1,1,20650
5064,25,4,8,1,1,20650
5065,25,4,8,1,1,30153
5066,25,4,8,1,1,30154
5067,25,4,8,1,1,30155
5068,25,4,8,1,1,30156
5069,25,4,8,1,1,30157
5070,25,4,8,1,1,30158
5071,25,4,8,1,1,30250
5072,25,4,8,1,1,30250
5073,25,4,8,1,1,30250
5074,25,4,8,1,1,30251
5075,25,4,8,1,1,30251
5076,25,4,8,1,1,30252
5077,25,4,8,1,1,30350
5078,25,4,8,1,1,30351
5079,25,4,8,1,1,30355
5080,25,4,8,1,1,30355
5081,25,4,8,1,1,30356
5082,25,4,8,1,1,30356
5083,25,4,8,1,1,30357
5084,25,4,8,1,1,30450
5085,25,4,8,1,1,30451
5086,25,4,8,1,1,30452
5087,25,4,8,1,1,30650
5088,25,4,8,1,1,30650
5089,25,4,8,1,1,30750
5090,25,4,8,1,1,40153
5091,25,4,8,1,1,40158
5092,25,4,8,1,1,40252
5093,25,4,8,1,1,40253
5094,25,4,8,1,1,40352
5095,25,4,8,1,1,40353
5096,25,4,8,1,1,40450
5097,25,4,8,1,1,40451
5098,25,4,8,1,1,40453
5099,25,4,8,1,1,40550
5100,25,4,8,1,1,40550
5101,25,4,8,1,1,40550
5102,25,4,8,1,1,40551
5103,25,4,8,1,1,40554
5104,25,4,8,1,1,40650
5105,25,4,8,1,1,50150
5106,25,4,8,1,1,50151
5107,25,4,8,1,1,50152
5108,25,4,8,1,1,50153
5109,25,4,8,1,1,50156
5110,25,4,8,1,1,50159
5111,25,4,8,1,1,50159
5112,25,4,8,1,1,50250
5113,25,4,8,1,1,50250
5114,25,4,8,1,1,50251
5115,25,4,8,1,1,50252
5116,25,4,8,1,1,50351
5117,25,4,8,1,1,50351
5118,25,4,8,1,1,50352
5119,25,4,8,1,1,50450
5120,25,4,8,1,1,50450
5121,25,4,8,1,1,50450
5122,25,4,8,1,1,50450
5123,25,4,8,1,1,50450
5124,25,4,8,1,1,50451
5125,25,4,8,1,1,50453
5126,25,4,8,1,1,50457
5127,25,4,8,1,1,50550
5128,25,4,8,1,1,50554
5129,25,4,8,1,1,50550
5130,25,4,8,1,1,50552
5131,25,4,8,1,1,50552
5132,25,4,8,1,1,50552
5133,25,4,8,1,1,50552
5134,25,4,8,1,1,50553
5135,25,4,8,1,1,50553
5136,25,4,8,1,1,50554
5137,25,4,8,1,1,50554
5138,25,4,8,1,1,50650
5139,25,4,8,1,1,50651
5140,25,4,8,1,1,50750
5141,25,4,8,1,1,50750
5142,25,4,8,1,1,50754
5143,25,4,8,1,1,60151
5144,25,4,8,1,1,60152
5145,25,4,8,1,1,60152
5146,25,4,8,1,1,60154
5147,25,4,8,1,1,60156
5148,25,4,8,1,1,60157
5149,25,4,8,1,1,60158
5150,25,4,8,1,1,60159
5151,25,4,8,1,1,60160
5152,25,4,8,1,1,60160
5153,25,4,8,1,1,60251
5154,25,4,8,1,1,60251
5155,25,4,8,1,1,60253
5156,25,4,8,1,1,60255
5157,25,4,8,1,1,60259
5158,25,4,8,1,1,60260
5159,25,4,8,1,1,60260
5160,25,4,8,1,1,60350
5161,25,4,8,1,1,60350
5162,25,4,8,1,1,60350
5163,25,4,8,1,1,60350
5164,25,4,8,1,1,60350
5165,25,4,8,1,1,60352
5166,25,4,8,1,1,60352
5167,25,4,8,1,1,60352
5168,25,4,8,1,1,60354
5169,25,4,8,1,1,60550
5170,25,4,8,1,1,60552
5171,25,4,8,1,1,60650
5172,25,4,8,1,1,60650
5173,25,4,8,1,1,60650
5174,25,4,8,1,1,60650
5175,25,4,8,1,1,60650
5176,25,4,8,1,1,60652
5177,25,4,8,1,1,60652
5178,25,4,8,1,1,60652
5179,25,4,8,1,1,60751
5180,25,4,8,1,1,60752
5181,25,4,8,1,1,60754
5182,25,4,8,1,1,60754
5183,25,4,8,1,1,60850
5184,25,4,8,1,1,60850
5185,25,4,8,1,1,60950
5186,25,4,8,1,1,60953
5187,25,4,8,1,1,61050
5188,25,4,8,1,1,61050
5189,25,4,8,1,1,70350
5190,25,4,8,1,1,70351
5191,25,4,8,1,1,70450
5192,25,4,8,1,1,70653
5193,25,4,8,1,1,70850
5194,25,4,8,1,1,71053
5195,25,4,8,1,1,71055
5196,25,4,8,1,1,71055
5197,25,4,8,1,1,71151
5198,25,4,8,1,1,71253
5199,25,4,8,1,1,71353
5200,25,4,8,1,1,71356
5201,25,4,8,1,1,80150
5202,25,4,8,1,1,80153
5203,25,4,8,1,1,80154
5204,25,4,8,1,1,80159
5205,25,4,8,1,1,80163
5206,25,4,8,1,1,80165
5207,25,4,8,1,1,80252
5208,25,4,8,1,1,80253
5209,25,4,8,1,1,80254
5210,25,4,8,1,1,80259
5211,25,4,8,1,1,80260
5212,25,4,8,1,1,80354
5213,25,4,8,1,1,80356
5214,25,4,8,1,1,80357
5215,25,4,8,1,1,80450
5216,25,4,8,1,1,80450
5217,25,4,8,1,1,80450
5218,25,4,8,1,1,80452
5219,25,4,8,1,1,80453
5220,25,4,8,1,1,80453
5221,25,4,8,1,1,80453
5222,25,4,8,1,1,80552
5223,25,4,8,1,1,80556
5224,25,4,8,1,1,80554
5225,25,4,8,1,1,80561
5226,25,4,8,1,1,80651
5227,25,4,8,1,1,80653
5228,25,4,8,1,1,80654
5229,25,4,8,1,1,80750
5230,25,4,8,1,1,80752
5231,25,4,8,1,1,80753
5232,25,4,8,1,1,80754
5233,25,4,8,1,1,90157
5234,25,4,8,1,1,90158
5235,25,4,8,1,1,90250
5236,25,4,8,1,1,90250
5237,25,4,8,1,1,90450
5238,25,4,8,1,1,90450
5239,25,4,8,1,1,90650
5240,25,4,8,1,1,90850
5241,25,4,8,1,1,90850
5242,25,4,8,1,1,90850
5243,25,4,8,1,1,90850
5244,25,4,8,1,1,90851
5245,25,4,8,1,1,90950
5246,25,4,8,1,1,91054
5247,25,4,8,1,1,91150
5248,25,4,8,1,1,91150
5249,25,4,8,1,1,91151
5250,25,4,8,1,1,91154
5251,25,4,8,1,1,91250
5252,25,4,8,1,1,91250
5253,25,4,8,1,1,91250
5254,25,4,8,1,1,91450
5255,25,4,8,1,1,91450
5256,25,4,8,1,1,91950
5257,25,4,8,1,1,91951
5258,25,4,8,1,1,91951
5259,25,4,8,1,1,91951
5260,25,4,8,1,1,92053
5261,25,4,8,1,1,91054
5262,25,4,8,1,1,92055
5263,25,4,8,1,1,92055
5264,25,4,8,1,1,92055
5265,25,4,8,1,1,92251
5266,25,4,8,1,1,92450
5267,25,4,8,1,1,90650
5268,25,4,8,1,1,100150
5269,25,4,8,1,1,100151
5270,25,4,8,1,1,100151
5271,25,4,8,1,1,100153
5272,25,4,8,1,1,100153
5273,25,4,8,1,1,100155
5274,25,4,8,1,1,100157
5275,25,4,8,1,1,100252
5276,25,4,8,1,1,100254
5277,25,4,8,1,1,100351
5278,25,4,8,1,1,100354
5279,25,4,8,1,1,100358
5280,25,4,8,1,1,100450
5281,25,4,8,1,1,100356
5282,25,4,8,1,1,100451
5283,25,4,8,1,1,100453
5284,25,4,8,1,1,100455
5285,25,4,8,1,1,100457
5286,25,4,8,1,1,100553
5287,25,4,8,1,1,100553
5288,25,4,8,1,1,100553
5289,25,4,8,1,1,100651
5290,25,4,8,1,1,100652
5291,25,4,8,1,1,100653
5292,25,4,8,1,1,100653
5293,25,4,8,1,1,110151
5294,25,4,8,1,1,110154
5295,25,4,8,1,1,110156
5296,25,4,8,1,1,110157
5297,25,4,8,1,1,110158
5298,25,4,8,1,1,110163
5299,25,4,8,1,1,110250
5300,25,4,8,1,1,110250
5301,25,4,8,1,1,110252
5302,25,4,8,1,1,110253
5303,25,4,8,1,1,110351
5304,25,4,8,1,1,110451
5305,25,4,8,1,1,110455
5306,25,4,8,1,1,110551
5307,25,4,8,1,1,110650
5308,25,4,8,1,1,110650
5309,25,4,8,1,1,110650
5310,25,4,8,1,1,110652
5311,25,4,8,1,1,110751
5312,25,4,8,1,1,110753
5313,25,4,8,1,1,110850
5314,25,4,8,1,1,110850
5315,25,4,8,1,1,110850
5316,25,4,8,1,1,110851
5317,25,4,8,1,1,110852
5318,25,4,8,1,1,110950
5319,25,4,8,1,1,110950
5320,25,4,8,1,1,110952
5321,25,4,8,1,1,110950
5322,25,4,8,1,1,111050
5323,25,4,8,1,1,111051
5324,25,4,8,1,1,111053
5325,25,4,8,1,1,111150
5326,25,4,8,1,1,111152
5327,25,4,8,1,1,111154
5328,25,4,8,1,1,111156
5329,25,4,8,1,1,111158
5330,25,4,8,1,1,111250
5331,25,4,8,1,1,111251
5332,25,4,8,1,1,111252
5333,25,4,8,1,1,111351
5334,25,4,8,1,1,111352
5335,25,4,8,1,1,111353
5336,25,4,8,1,1,111450
5337,25,4,8,1,1,111451
5338,25,4,8,1,1,111550
5339,25,4,8,1,1,111551
5340,25,4,8,1,1,111650
5341,25,4,8,1,1,120153
5342,25,4,8,1,1,120154
5343,25,4,8,1,1,120651
5344,25,4,8,1,1,120651
5345,25,4,8,1,1,121350
5346,25,4,8,1,1,121350
5347,25,4,8,1,1,120752
5348,25,4,8,1,1,120752
5349,25,4,8,1,1,120850
5350,25,4,8,1,1,120850
5351,25,4,8,1,1,120851
5352,25,4,8,1,1,121050
5353,25,4,8,1,1,121150
5354,25,4,8,1,1,121150
5355,25,4,8,1,1,121250
5356,25,4,8,1,1,121250
5357,25,4,8,1,1,130150
5358,25,4,8,1,1,130150
5359,25,4,8,1,1,130151
5360,25,4,8,1,1,130151
5361,25,4,8,1,1,130152
5362,25,4,8,1,1,130152
5363,25,4,8,1,1,130153
5364,25,4,8,1,1,130155
5365,25,4,8,1,1,130155
5366,25,4,8,1,1,130156
5367,25,4,8,1,1,130156
5368,25,4,8,1,1,130250
5369,25,4,8,1,1,130250
5370,25,4,8,1,1,130250
5371,25,4,8,1,1,130252
5372,25,4,8,1,1,130252
5373,25,4,8,1,1,130350
5374,25,4,8,1,1,130350
5375,25,4,8,1,1,130350
5376,25,4,8,1,1,130350
5377,25,4,8,1,1,130350
5378,25,4,8,1,1,130350
5379,25,4,8,1,1,130350
5380,25,4,8,1,1,130352
5381,25,4,8,1,1,130352
5382,25,4,8,1,1,130352
5383,25,4,8,1,1,130352
5384,25,4,8,1,1,130352
5385,25,4,8,1,1,130353
5386,25,4,8,1,1,130353
5387,25,4,8,1,1,130354
5388,25,4,8,1,1,130355
5389,25,4,8,1,1,130355
5390,25,4,8,1,1,130355
5391,25,4,8,1,1,130355
5392,25,4,8,1,1,130355
5393,25,4,8,1,1,130356
5394,25,4,8,1,1,130356
5395,25,4,8,1,1,130357
5396,25,4,8,1,1,130357
5397,25,4,8,1,1,130450
5398,25,4,8,1,1,130450
5399,25,4,8,1,1,130450
5400,25,4,8,1,1,130450
5401,25,4,8,1,1,130450
5402,25,4,8,1,1,130450
5403,25,4,8,1,1,130450
5404,25,4,8,1,1,130450
5405,25,4,8,1,1,130450
5406,25,4,8,1,1,130451
5407,25,4,8,1,1,130550
5408,25,4,8,1,1,130355
5409,25,4,8,1,1,130550
5410,25,4,8,1,1,130550
5411,25,4,8,1,1,130551
5412,25,4,8,1,1,130650
5413,25,4,8,1,1,130650
5414,25,4,8,1,1,130650
5415,25,4,8,1,1,130651
5416,25,4,8,1,1,130652
5417,25,4,8,1,1,130657
5418,25,4,8,1,1,130658
5419,25,4,8,1,1,130750
5420,25,4,8,1,1,130750
5421,25,4,8,1,1,130750
5422,25,4,8,1,1,130950
5423,25,4,8,1,1,130950
5424,25,4,8,1,1,130950
5425,25,4,8,1,1,130950
5426,25,4,8,1,1,130850
5427,25,4,8,1,1,131050
5428,25,4,8,1,1,130652
5429,25,4,8,1,1,131051
5430,25,4,8,1,1,131051
5431,25,4,8,1,1,131052
5432,25,4,8,1,1,131053
5433,25,4,8,1,1,131150
5434,25,4,8,1,1,131150
5435,25,4,8,1,1,131150
5436,25,4,8,1,1,131250
5437,25,4,8,1,1,131250
5438,25,4,8,1,1,131250
5439,25,4,8,1,1,131250
5440,25,4,8,1,1,131350
5441,25,4,8,1,1,131350
5442,25,4,8,1,1,131350
5443,25,4,8,1,1,131350
5444,25,4,8,1,1,131350
5445,25,4,8,1,1,131350
5446,25,4,8,1,1,131351
5447,25,4,8,1,1,131351
5448,25,4,8,1,1,131352
5449,25,4,8,1,1,131352
5450,25,4,8,1,1,131353
5451,25,4,8,1,1,131355
5452,25,4,8,1,1,131450
5453,25,4,8,1,1,132251
5454,25,4,8,1,1,131453
5455,25,4,8,1,1,131457
5456,25,4,8,1,1,132250
5457,25,4,8,1,1,131550
5458,25,4,8,1,1,131650
5459,25,4,8,1,1,131650
5460,25,4,8,1,1,131651
5461,25,4,8,1,1,131651
5462,25,4,8,1,1,131652
5463,25,4,8,1,1,131652
5464,25,4,8,1,1,131750
5465,25,4,8,1,1,131850
5466,25,4,8,1,1,131850
5467,25,4,8,1,1,131850
5468,25,4,8,1,1,131850
5469,25,4,8,1,1,131950
5470,25,4,8,1,1,131950
5471,25,4,8,1,1,132050
5472,25,4,8,1,1,132050
5473,25,4,8,1,1,132251
5474,25,4,8,1,1,140156
5475,25,4,8,1,1,140157
5476,25,4,8,1,1,140253
5477,25,4,8,1,1,140358
5478,25,4,8,1,1,140351
5479,25,4,8,1,1,140454
5480,25,4,8,1,1,140454
5481,25,4,8,1,1,140455
5482,25,4,8,1,1,140554
5483,25,4,8,1,1,140556
5484,25,4,8,1,1,140650
5485,25,4,8,1,1,140652
5486,25,4,8,1,1,141150
5487,25,4,8,1,1,140850
5488,25,4,8,1,1,140150
5489,25,4,8,1,1,150150
5490,25,4,8,1,1,150151
5491,25,4,8,1,1,150154
5492,25,4,8,1,1,150350
5493,25,4,8,1,1,150454
5494,25,4,8,1,1,160154
5495,25,4,8,1,1,160161
5496,25,4,8,1,1,160162
5497,25,4,8,1,1,160164
5498,25,4,8,1,1,160251
5499,25,4,8,1,1,160350
5500,25,4,8,1,1,170155
5501,25,4,8,1,1,170161
5502,25,4,8,1,1,170168
5503,25,4,8,1,1,170172
5504,25,4,8,1,1,170172
5505,25,4,8,1,1,170178
5506,25,4,8,1,1,170181
5507,25,4,8,1,1,170184
5508,25,4,8,1,1,170250
5509,25,4,8,1,1,170250
5510,25,4,8,1,1,170252
5511,25,4,8,1,1,170252
5512,25,4,8,1,1,170252
5513,25,4,8,1,1,170252
5514,25,4,8,1,1,170253
5515,25,4,8,1,1,170253
5516,25,4,8,1,1,170450
5517,25,4,8,1,1,170750
5518,25,4,8,1,1,170750
5519,25,4,8,1,1,170850
5520,25,4,8,1,1,170850
5521,25,4,8,1,1,170850
5522,25,4,8,1,1,170850
5523,25,4,8,1,1,170950
5524,25,4,8,1,1,180155
5525,25,4,8,1,1,180165
5526,25,4,8,1,1,180161
5527,25,4,8,1,1,180252
5528,25,4,8,1,1,180550
5529,25,4,8,1,1,180550
5530,25,4,8,1,1,180650
5531,25,4,8,1,1,180650
5532,25,4,8,1,1,180650
5533,25,4,8,1,1,180757
5534,25,4,8,1,1,180950
5535,25,4,8,1,1,190152
5536,25,4,8,1,1,190250
5537,25,4,8,1,1,190250
5538,25,4,8,1,1,190350
5539,25,4,8,1,1,190550
5540,25,4,8,1,1,190652
5541,25,4,8,1,1,190652
5542,25,4,8,1,1,190750
5543,25,4,8,1,1,190850
5544,25,4,8,1,1,200151
5545,25,4,8,1,1,210150
5546,25,4,8,1,1,210152
5547,25,4,8,1,1,210153
5548,25,4,8,1,1,210251
5549,25,4,8,1,1,210351
5550,25,4,8,1,1,210450
5551,25,4,8,1,1,210451
5552,25,4,8,1,1,220351
5553,25,4,8,1,1,220151
5554,25,4,8,1,1,220158
5555,25,4,8,1,1,220350
5556,25,4,8,1,1,220160
5557,25,4,8,1,1,220450
5558,25,4,8,1,1,230150
5559,25,4,8,1,1,230152
5560,25,4,8,1,1,230150
5561,25,4,8,1,1,230150
5562,25,4,8,1,1,230154
5563,25,4,8,1,1,230155
5564,25,4,8,1,1,230155
5565,25,4,8,1,1,230150
5566,25,4,8,1,1,230157
5567,25,4,8,1,1,230151
5568,25,4,8,1,1,230150
5569,25,4,8,1,1,230154
5570,25,4,8,1,1,170355
5571,25,4,8,1,1,230150
5572,25,4,8,1,1,230150
5573,25,4,8,1,1,230154
5574,25,4,8,1,1,230150
5575,25,4,8,1,1,230150
5576,25,4,8,1,1,230151
5577,25,4,8,1,1,230152
5578,25,4,8,1,1,230153
5579,25,4,8,1,1,230154
5580,25,4,8,1,1,240150
5581,25,4,8,1,1,240150
5582,25,4,8,1,1,240152
5583,25,4,8,1,1,240150
5584,25,4,8,1,1,240152
5585,25,4,8,1,1,240152
5586,25,4,8,1,1,240152
5587,25,4,8,1,1,240153
5588,25,4,8,1,1,240153
5589,25,4,8,1,1,240153
5590,25,4,8,1,1,240154
5591,25,4,8,1,1,240154
5592,25,4,8,1,1,240154
5593,25,4,8,1,1,20750
5594,25,4,8,1,1,70254
5595,25,4,8,1,1,70550
5596,25,4,8,1,1,80357
5597,25,4,8,1,1,90450
5598,25,4,8,1,1,90850
5599,25,4,8,1,1,100352
5600,25,4,8,1,1,100655
5601,25,4,8,1,1,121350
5602,25,4,8,1,1,130851
5603,25,4,8,1,1,131054
5604,25,4,8,1,1,131151
5605,25,4,8,1,1,131751
5606,25,4,8,1,1,131850
5607,25,4,8,1,1,210453
5608,25,4,8,1,1,210551
5609,25,4,8,1,1,210750
5610,25,4,8,1,1,240150
5611,25,4,8,1,1,240153
5612,25,4,8,1,1,50752
5614,25,4,8,1,1,30354
5800,25,4,8,1,1,121150
5801,25,4,8,1,1,11550
5802,25,4,8,1,1,10157
5803,25,4,8,1,1,10450
5804,25,4,8,1,1,30351
5805,25,4,8,1,1,30353
5806,25,4,8,1,1,40153
5807,25,4,8,1,1,40154
5808,25,4,8,1,1,71452
5809,25,4,8,1,1,71359
5810,25,4,8,1,1,80653
5811,25,4,8,1,1,90450
5812,25,4,8,1,1,90157
5813,25,4,8,1,1,91053
5814,25,4,8,1,1,91850
5815,25,4,8,1,1,100654
5816,25,4,8,1,1,110956
5817,25,4,8,1,1,111055
5818,25,4,8,1,1,110550
5819,25,4,8,1,1,110952
5820,25,4,8,1,1,110159
5821,25,4,8,1,1,110353
5822,25,4,8,1,1,110450
5823,25,4,8,1,1,110455
5824,25,4,8,1,1,120153
5825,25,4,8,1,1,120950
5826,25,4,8,1,1,130251
5827,25,4,8,1,1,130354
5828,25,4,8,1,1,130353
5829,25,4,8,1,1,130350
5830,25,4,8,1,1,130450
5831,25,4,8,1,1,130450
5832,25,4,8,1,1,130450
5833,25,4,8,1,1,130653
5834,25,4,8,1,1,131054
5835,25,4,8,1,1,131751
5836,25,4,8,1,1,131151
5837,25,4,8,1,1,130157
5838,25,4,8,1,1,131453
5839,25,4,8,1,1,140255
5840,25,4,8,1,1,150350
5841,25,4,8,1,1,160165
5842,25,4,8,1,1,170158
5843,25,4,8,1,1,240154
5844,25,4,8,1,1,180450
90001,21,4,1,1,2,10169
90006,25,4,7,1,1,10150
90008,25,4,7,1,1,10150
90010,12,3,18,2,1,10150
90014,21,4,1,1,1,40150
90015,20,4,1,1,1,40550
90016,21,4,1,1,1,40550
90017,20,4,1,1,1,40452
90018,20,4,1,1,1,40351
90019,20,4,1,1,1,40451
90021,20,4,1,1,1,40254
90022,20,4,1,1,1,40251
90023,21,4,1,1,1,40150
90024,20,4,1,1,1,40350
90027,22,4,1,1,2,80150
90028,21,4,1,1,1,80554
90029,23,4,2,1,1,80150
90031,20,4,1,1,1,111156
90032,20,4,1,1,1,111158
90033,20,4,1,1,1,111159
90034,20,4,1,1,1,111151
90035,20,4,1,1,1,110157
90036,21,4,1,1,1,111153
90038,21,4,1,1,1,110251
90039,21,4,1,1,1,140150
90040,21,4,1,1,1,140557
90042,21,4,1,1,1,140454
90043,21,4,1,1,1,140255
90044,22,4,1,1,1,150150
90045,21,4,1,1,1,150753
90046,20,4,1,1,1,150451
90048,21,4,1,1,2,230150
90049,21,4,1,1,1,170550
90050,21,4,1,1,2,230150
90051,21,4,1,1,2,230150
90054,21,4,1,1,1,230150
90057,2,1,11,1,2,170150
90060,23,4,5,1,1,170150
90062,12,3,18,2,1,170150
90063,25,4,7,1,1,170150
90064,25,4,7,1,1,170150
90068,20,4,1,1,1,190651
90069,20,4,1,1,1,190156
90071,21,4,1,1,1,70250
90076,21,4,1,1,1,240154
90077,21,4,1,1,1,90158
90079,25,4,18,2,1,90150
90082,23,4,1,1,1,120150
90083,21,4,1,1,1,120750
90084,21,4,1,1,2,120752
90085,21,4,1,1,2,120251
90090,21,4,1,1,2,130950
90092,21,4,1,1,2,130750
90093,21,4,1,1,1,130452
90094,21,4,1,1,2,130450
90095,21,4,1,1,2,130250
90097,21,4,1,1,2,130150
91002,12,3,18,2,1,10150
91003,12,3,18,2,1,10150
91004,12,3,18,2,1,10150
91005,24,4,1,1,2,10150
91006,21,4,1,1,1,10950
91007,21,4,1,1,1,10352
91008,21,4,1,1,2,10150
91009,21,4,1,1,1,10450
91011,21,4,1,1,2,10150
91013,21,4,1,1,2,10150
91016,22,4,1,1,2,10150
91017,21,4,1,1,2,10150
91019,21,4,1,1,1,10562
91025,25,4,7,1,1,10150
91027,21,4,1,1,1,30450
91028,20,4,1,1,1,30351
91029,21,4,1,1,1,30254
91030,20,4,1,1,1,30450
91031,20,4,1,1,1,30150
91032,20,4,1,1,1,30150
91033,20,4,1,1,1,40251
91034,20,4,1,1,1,40352
91036,20,4,1,1,1,40451
91052,12,3,18,2,1,70150
91055,21,4,1,1,1,80453
91056,20,4,1,1,1,80751
91057,20,4,1,1,1,80754
91058,20,4,1,1,1,80754
91060,21,4,1,1,1,100150
91061,21,4,1,1,1,100150
91062,21,4,1,1,1,100150
91065,2,1,17,3,2,240150
91067,23,4,6,1,2,90150
91068,25,4,1,1,1,90150
91070,22,4,6,1,2,90150
91071,21,4,1,1,1,100250
91073,21,4,1,1,1,100450
91075,21,4,1,1,1,100450
91077,20,4,1,1,1,111450
91078,22,4,6,1,2,110150
91080,21,4,1,1,1,110150
91081,21,4,1,1,2,110150
91082,21,4,1,1,2,110150
91083,21,4,1,1,1,110150
91084,21,4,1,1,1,110150
91085,21,4,1,1,1,110150
91086,21,4,1,1,2,110150
91087,20,4,1,1,1,110254
91088,21,4,1,1,1,110653
91090,22,4,1,1,1,110655
91091,21,4,1,1,1,110651
91092,20,4,1,1,1,110850
91093,20,4,1,1,1,110950
91094,20,4,1,1,1,110950
91095,22,4,1,1,1,110654
91096,20,4,1,1,1,140255
91097,21,4,1,1,2,140157
91098,20,4,1,1,1,220453
91100,21,4,1,1,1,220454
91101,21,4,1,1,2,150150
91110,21,4,1,1,1,170155
91112,23,4,18,2,1,170150
91114,25,4,7,1,1,170356
91116,21,4,1,1,1,170550
91117,21,4,1,1,1,170176
91119,20,4,1,1,1,170152
91120,21,4,1,1,2,230152
91121,21,4,1,1,1,170150
91122,21,4,1,1,1,170155
91123,21,4,1,1,2,230150
91125,21,4,1,1,1,170150
91126,21,4,1,1,1,170155
91129,21,4,1,1,2,120651
91130,21,4,1,1,2,120550
91131,21,4,1,1,1,150354
91142,20,4,1,1,1,190451
91145,20,4,1,1,1,190450
91146,20,4,1,1,1,190551
91147,20,4,1,1,1,190652
91149,21,4,1,1,1,210152
91150,21,4,1,1,1,210150
91151,21,4,1,1,1,210150
91152,21,4,1,1,2,210454
91153,22,4,1,1,2,210150
91154,25,4,3,1,1,140250
91156,22,4,1,1,2,90150
91157,21,4,1,1,1,240155
91158,26,4,9,1,1,132150
91159,21,4,1,1,2,130150
91160,21,4,1,1,1,131550
91161,21,4,1,1,1,131051
91163,21,4,1,1,1,131051
91164,12,3,18,2,1,120150
91165,21,4,1,1,2,130150
91167,21,4,1,1,2,131952
91168,22,4,1,1,2,130850
91169,21,4,1,1,2,130950
91170,21,4,1,1,1,131150
91171,21,4,1,1,1,131250
91174,21,4,1,1,2,131450
91177,21,4,1,1,1,131250
91178,21,4,1,1,2,131250
91179,21,4,1,1,2,130850
91180,22,4,1,1,1,130850
91182,23,4,1,1,2,70150
91185,23,4,3,1,1,90150
92001,12,3,18,2,1,80150
92006,12,3,18,2,2,10150
92009,12,3,18,2,1,170150
92012,12,3,17,3,2,230150
92013,12,3,17,3,2,10150
92017,12,3,18,2,1,70150
92023,25,4,18,2,1,10150
92025,25,4,4,1,1,10150
92026,25,4,4,1,1,10150
92027,21,4,1,1,2,10150
92028,21,4,1,1,1,10954
92033,31,4,9,1,1,10150
92038,25,4,7,1,1,10150
92039,25,4,4,1,1,10150
92045,20,4,1,1,1,40451
92053,21,4,1,1,2,71250
92054,21,4,1,1,1,70250
92057,21,4,1,1,2,70150
92058,23,4,1,1,2,70150
92060,21,4,1,1,1,80168
92065,20,4,1,1,1,80451
92066,21,4,1,1,1,80251
92069,21,4,1,1,2,90150
92070,21,4,1,1,2,90150
92071,21,4,1,1,2,90150
92073,21,4,1,1,2,90150
92075,21,4,1,1,2,90150
92077,21,4,1,1,2,90150
92078,21,4,1,1,2,90150
92079,21,4,1,1,1,90150
92082,21,4,1,1,2,90150
92083,21,4,1,1,2,90150
92084,21,4,1,1,2,90150
92088,21,4,1,1,2,90150
92089,21,4,1,1,2,90150
92090,22,4,1,1,2,90150
92091,21,4,1,1,2,90150
92093,21,4,1,1,2,90150
92094,21,4,1,1,2,90150
92097,21,4,1,1,1,90150
92098,21,4,1,1,2,90150
92103,21,4,1,1,2,90150
92110,21,4,1,1,2,90150
92112,25,4,7,1,1,90150
92114,21,4,1,1,2,90150
92119,31,4,17,3,1,90150
92121,21,4,1,1,2,90150
92124,21,4,1,1,2,90150
92125,21,4,1,1,2,90150
92126,21,4,1,1,2,90150
92128,21,4,1,1,2,90150
92130,21,4,1,1,1,90150
92133,22,4,1,1,2,90150
92134,21,4,1,1,2,90150
92135,23,4,1,1,1,90150
92138,21,4,1,1,2,90150
92141,21,4,1,1,1,90550
92142,21,4,1,1,2,90750
92144,21,4,1,1,2,90750
92145,24,4,1,1,2,90750
92147,21,4,1,1,2,90750
92148,21,4,1,1,2,91050
92149,21,4,1,1,1,91050
92150,22,4,1,1,1,91050
92151,21,4,1,1,1,91850
92152,21,4,1,1,1,240250
92153,21,4,1,1,1,240250
92155,21,4,1,1,1,90450
92156,21,4,1,1,2,240153
92157,21,4,1,1,1,240152
92159,25,4,7,1,1,110150
92164,20,4,1,1,1,111150
92165,21,4,1,1,1,110150
92168,25,4,4,1,1,110150
92169,25,4,7,1,1,110150
92170,21,4,1,1,1,120550
92172,21,4,1,1,2,120550
92173,21,4,1,1,2,120550
92175,21,4,1,1,2,120550
92177,21,4,1,1,1,130250
92178,21,4,1,1,2,130850
92180,21,4,1,1,1,130252
92185,20,4,1,1,1,140652
92186,21,4,1,1,1,220351
92189,25,4,7,1,1,170150
92194,21,4,1,1,1,170250
92195,21,4,1,1,1,170172
92196,21,4,1,1,1,170253
92197,21,4,1,1,1,170150
92198,21,4,1,1,1,170150
92199,21,4,1,1,2,230156
92200,21,4,1,1,2,230150
92201,21,4,1,1,2,170150
92203,25,4,7,1,1,170150
92204,21,4,1,1,2,170150
92205,21,4,1,1,2,170150
92206,21,4,1,1,1,170150
92207,21,4,1,1,1,170150
92208,21,4,1,1,1,170150
92209,21,4,1,1,1,170150
92211,21,4,1,1,1,170150
92212,21,4,1,1,1,170150
92213,21,4,1,1,1,170150
92214,21,4,1,1,1,170150
92216,21,4,1,1,1,170150
92217,21,4,1,1,1,170157
92219,21,4,1,1,1,170150
92220,21,4,1,1,1,170150
92222,21,4,1,1,2,170150
92226,25,4,7,1,1,170150
92237,21,4,1,1,1,210254
92714,21,4,1,1,2,120550
93102,12,3,18,2,1,170150
93103,12,3,18,2,2,100150
93121,23,4,4,1,1,40150
93122,23,4,4,1,1,40350
93123,23,4,4,1,1,40150
93124,23,4,4,1,1,40150
93125,23,4,4,1,1,40550
93126,20,4,1,1,1,40253
93127,23,4,4,1,1,100150
93128,23,4,4,1,1,100450
93129,23,4,4,1,1,100450
93130,23,4,4,1,1,100350
93131,21,4,1,1,2,80150
93133,25,4,7,1,1,80450
93136,25,4,7,1,1,80450
93137,21,4,1,1,2,150153
93138,25,4,7,1,1,170179
93139,23,4,4,1,1,170150
93140,23,4,4,1,1,170150
93141,23,4,4,1,1,170150
93142,23,4,4,1,1,170150
93143,23,4,4,1,1,170150
93144,23,4,4,1,1,170357
93146,23,4,4,1,1,170150
93147,23,4,4,1,1,170150
93148,23,4,4,1,1,170250
93150,21,4,1,1,2,170155
93151,21,4,1,1,1,170150
93152,21,4,1,1,1,170150
93153,23,4,4,1,1,170352
93154,23,4,4,1,1,170150
93155,23,4,4,1,1,170150
93156,25,4,4,1,1,230150
93157,25,4,7,1,1,230150
93301,12,3,18,2,1,110150
93325,25,4,4,1,1,30150
93326,25,4,4,1,1,30150
93327,25,4,4,1,1,30350
93330,25,4,7,1,1,10150
93333,25,4,4,1,1,10150
93334,25,4,4,1,1,10150
93335,25,4,4,1,1,10150
93337,26,4,12,1,1,10150
93338,25,4,7,1,1,10150
93339,25,4,7,1,1,10150
93340,25,4,4,1,1,10150
93341,25,4,4,1,1,10150
93342,25,4,4,1,1,10150
93343,25,4,4,1,1,10150
93344,25,4,7,1,1,10150
93345,25,4,4,1,1,10150
93346,25,4,4,1,1,10151
93348,25,4,4,1,1,10162
93349,25,4,4,1,1,10163
93350,25,4,4,1,1,10169
93351,25,4,4,1,1,10350
93352,25,4,4,1,1,10550
93355,25,4,4,1,1,10850
93356,25,4,4,1,1,10950
93358,25,4,4,1,1,10150
93359,25,4,4,1,1,10170
93361,21,4,1,1,2,110160
93362,25,4,4,1,1,110150
93371,25,4,4,1,1,111150
93372,20,4,1,1,1,140157
93374,20,4,1,1,1,140953
93375,25,4,4,1,1,140150
93376,20,4,1,1,1,190152
93377,20,4,1,1,1,190951
93378,20,4,1,1,1,190259
93379,25,4,4,1,1,190150
93403,12,3,18,2,1,90150
93404,12,3,18,2,1,70150
93410,1,5,1,1,2,70750
93421,21,4,1,1,1,70654
93422,21,4,1,1,1,70750
93423,20,4,1,1,1,200352
93424,21,4,1,1,2,91450
93425,21,4,1,1,1,240350
93426,21,4,1,1,1,91650
93427,21,4,1,1,1,90250
93428,21,4,1,1,2,90150
93430,21,4,1,1,2,90150
93431,21,4,1,1,1,90852
93432,21,4,1,1,2,91050
93433,21,4,1,1,1,91053
93435,21,4,1,1,1,120150
93436,21,4,1,1,1,120150
93437,21,4,1,1,2,120153
93438,21,4,1,1,2,120150
93439,21,4,1,1,2,120150
93440,21,4,1,1,2,120150
93441,21,4,1,1,2,120650
93442,21,4,1,1,2,120750
93443,21,4,1,1,2,120850
93444,21,4,1,1,1,120350
93446,21,4,1,1,1,130750
93447,21,4,1,1,1,130350
93448,21,4,1,1,1,130356
93449,23,4,1,1,2,130650
93450,22,4,1,1,2,130150
94101,12,3,18,2,2,230150
94106,12,3,18,2,1,230150
94107,12,3,18,2,2,170150
94109,12,3,18,2,1,230150
94121,22,4,1,1,2,170150
94122,21,4,1,1,2,170155
94123,21,4,1,1,1,230150
94124,23,4,4,1,1,170150
94125,23,4,4,1,1,170150
94126,24,4,17,3,1,170150
94128,25,4,7,1,1,170150
94129,25,4,7,1,1,170150
94130,23,4,3,1,1,170150
94131,25,4,7,1,1,170150
94132,25,4,7,1,1,170150
94137,21,4,1,1,1,210158
94138,21,4,1,1,1,210155
94303,12,3,18,2,1,30150
94313,21,4,1,1,1,130252
94321,20,4,1,1,1,140553
94323,20,4,1,1,1,140164
94324,20,4,1,1,1,140952
94325,20,4,1,1,1,140951
94327,20,4,1,1,1,140953
94328,20,4,1,1,1,140953
94329,20,4,1,1,1,140750
94330,20,4,1,1,1,140950
94331,20,4,1,1,1,140751
94332,20,4,1,1,1,141251
94340,20,4,1,1,1,140451
94341,20,4,1,1,1,140353
94343,25,4,7,1,1,110150
94346,25,4,7,1,2,110150
94348,25,4,10,1,1,110150
94349,25,4,7,1,1,110150
94350,25,4,7,1,2,110150
94351,25,4,7,1,1,10150
94352,25,4,18,2,1,10150
94354,25,4,7,1,1,10150
94355,20,4,1,1,1,11550
94402,12,3,18,2,1,90150
94404,12,3,17,3,2,90650
94407,12,3,18,2,2,70150
94408,13,1,18,2,2,120850
94409,12,3,18,2,2,120550
94410,12,3,18,2,1,120550
94421,25,4,18,2,1,90150
94424,21,4,1,1,2,90150
94425,21,4,1,1,2,90150
94426,21,4,1,1,2,90150
94427,21,4,1,1,2,90150
94431,21,4,1,1,2,90653
94432,25,4,17,3,1,90750
94433,22,4,1,1,1,91152
94434,21,4,1,1,1,240352
94435,21,4,1,1,1,240350
94436,21,4,1,1,1,91951
94437,21,4,1,1,1,92450
94438,25,4,7,1,1,240250
94447,25,4,7,1,1,130150
94450,22,4,6,1,2,131050
94451,25,4,7,1,1,120150
94452,21,4,1,1,2,120150
94454,21,4,1,1,2,120350
94455,21,4,1,1,2,120450
94456,21,4,1,1,2,120452
94457,25,4,17,3,1,121150
94458,25,4,17,3,1,121050
94459,25,4,12,1,1,120550
94460,20,4,1,1,1,121250
95103,12,3,18,2,1,170150
95105,12,3,18,2,1,210150
95106,12,3,18,2,1,230150
95108,12,3,18,2,2,170150
95109,12,3,18,2,2,210150
95110,21,4,1,1,1,170150
95114,12,3,18,2,1,170157
95115,12,3,18,2,1,40150
95122,21,4,1,1,1,220151
95123,21,4,1,1,1,220157
95124,21,4,1,1,1,220151
95125,21,4,1,1,1,220152
95126,21,4,1,1,1,220455
95127,21,4,1,1,1,170150
95128,21,4,1,1,1,150352
95129,21,4,1,1,1,170150
95130,23,4,11,1,1,170150
95132,21,4,1,1,1,80250
95137,21,4,1,1,1,210453
95301,8,2,15,1,2,10150
95302,12,3,18,2,2,10150
95304,12,3,18,2,2,10150
95322,21,4,1,1,1,140951
95323,24,4,1,1,1,10150
95324,25,4,7,1,1,10150
95326,25,4,7,1,1,10554
95328,21,4,1,1,2,10150
95331,20,4,1,1,1,110451
95332,20,4,1,1,1,110254
95401,13,1,18,2,1,90150
95402,12,3,18,2,1,90150
95403,12,3,18,2,1,91150
95406,12,3,18,2,2,70150
95407,12,3,18,2,1,70150
95409,12,3,18,2,1,70150
95410,12,3,18,2,1,70150
95412,12,3,18,2,1,70650
95413,12,3,18,2,1,71250
95414,12,3,18,2,1,120150
95415,12,3,18,2,1,120150
95416,2,1,6,1,2,130150
95418,12,3,18,2,1,130850
95421,12,3,18,2,1,70950
95423,21,4,1,1,2,90150
96101,13,1,18,2,1,230150
96109,12,3,18,2,1,100150
96121,20,4,1,1,1,150155
96123,21,4,1,1,1,170150
96124,21,4,1,1,1,170150
96125,21,4,1,1,1,170150
96127,23,4,18,2,1,170150
96128,23,4,18,2,1,170150
96131,21,4,1,1,1,210351
96132,24,4,17,3,1,210150
96302,11,1,18,2,2,10150
96322,21,4,1,1,1,140356
96323,20,4,1,1,1,190553
96324,20,4,1,1,1,140951
96325,20,4,1,1,1,140950
96326,20,4,1,1,1,140454
96331,21,4,1,1,1,110150
96401,12,3,18,2,1,90150
96402,12,3,18,2,1,90150
96403,12,3,18,2,2,90150
96404,12,3,18,2,1,90150
96406,12,3,18,2,1,90150
96407,12,3,17,3,1,90150
96413,12,3,18,2,1,120550
96422,21,4,1,1,1,90650
96423,21,4,1,1,1,240152
96424,25,4,17,3,1,121051
96426,21,4,1,1,1,130150
96427,21,4,1,1,1,130150
96428,22,4,17,3,1,130150
96429,22,4,1,1,1,130852
97101,12,3,18,2,1,170150
97102,12,3,18,2,2,230250
97106,12,3,18,2,1,170150
97108,12,3,18,2,1,170150
97109,2,1,18,2,2,170150
97110,12,3,18,2,1,230250
97112,12,3,18,2,1,230250
97113,12,3,18,2,1,170150
97115,2,1,6,1,2,100150
97124,21,4,1,1,1,150453
97125,21,4,1,1,1,170150
97126,23,4,18,2,1,170156
97129,25,4,7,1,1,100150
97130,21,4,1,1,1,80150
97324,25,4,7,1,1,10150
97325,25,4,7,1,1,10150
97326,25,4,18,2,1,10150
97327,20,4,1,1,1,140751
97328,20,4,1,1,1,140652
97329,20,4,1,1,1,140751
97402,12,3,18,2,2,90150
97403,12,3,18,2,2,90650
97406,12,3,18,2,1,70150
97409,12,3,18,2,1,120150
97410,12,3,18,2,2,120150
97411,12,3,18,2,1,130150
97414,25,4,4,1,1,90150
97420,21,4,1,1,2,90150
98101,12,3,18,2,1,170150
98102,12,3,18,2,1,230250
98103,12,3,18,2,1,170150
98104,12,3,18,2,1,80150
98108,12,3,17,3,2,170150
98109,12,3,18,2,1,170350
98111,12,3,18,2,2,170150
98113,13,1,18,2,1,170150
98116,12,3,18,2,2,170150
98117,12,3,18,2,1,230150
98122,21,4,1,1,1,170150
98123,21,4,1,1,1,170150
98124,21,4,1,1,1,170150
98125,21,4,1,1,1,170950
98126,21,4,1,1,1,170950
98303,12,3,18,2,2,30150
98306,12,3,18,2,2,10150
98322,25,4,7,1,1,10150
98325,31,4,17,3,2,10150
98326,25,4,7,1,1,10150
98327,21,4,1,1,1,10356
98401,12,3,18,2,1,90150
98404,12,3,18,2,1,120150
98405,13,1,18,2,1,120150
98406,21,4,1,1,1,92251
98407,21,4,1,1,1,120950
98410,21,4,1,1,2,130950
98412,12,3,18,2,1,90150
99103,12,3,18,2,1,170180
99106,12,3,18,2,2,220350
99109,12,3,18,2,1,170150
99112,12,3,17,3,1,170150
99113,12,3,18,2,1,170150
99114,12,3,18,2,1,80150
99115,12,3,18,2,1,170150
99117,12,3,18,2,1,170150
99118,12,3,18,2,1,170150
99119,2,1,17,3,2,80650
99121,21,4,1,1,1,40150
99122,21,4,1,1,1,170150
99123,21,4,1,1,1,170150
99124,20,4,1,1,1,170161
99125,20,4,1,1,1,170161
99126,21,4,1,1,1,170550
99127,22,4,1,1,2,230150
99130,21,4,1,1,1,210455
99131,23,4,3,1,1,210150
99306,12,3,18,2,1,110150
99307,12,3,18,2,2,110150
99322,25,4,17,3,1,110150
99401,12,3,18,2,2,90150
99403,12,3,18,2,1,90150
99404,12,3,18,2,1,90150
99406,12,3,18,2,1,91950
99407,12,3,18,2,1,91950
99409,12,3,18,2,2,70150
99415,12,3,18,2,1,90850
99421,21,4,1,1,2,70150
99422,21,4,1,1,1,70653
99425,31,4,5,1,1,90150
99426,21,4,1,1,2,90150
99427,25,4,7,1,1,90150
99428,25,4,17,3,2,90150
99429,25,4,17,3,1,91050
99430,23,4,17,3,2,120150
99431,21,4,1,1,2,120154
99432,21,4,1,1,1,120350
99437,23,4,18,2,1,121150
99439,21,4,1,1,1,130750
99440,21,4,1,1,1,130350
99441,21,4,1,1,1,130354
99442,21,4,1,1,1,130950
99443,21,4,1,1,2,130950
99444,21,4,1,1,1,131250
99445,21,4,1,1,1,131550
1330023,4,1,11,1,2,92850
1420001,21,4,1,1,1,60250
1420002,25,4,1,1,1,60104
1420003,31,4,1,1,1,60104
1420005,21,4,1,1,1,60650
1420006,21,4,1,1,1,60550
1420007,20,4,1,1,1,60550
1420008,21,4,1,1,2,50550
1420009,21,4,1,1,1,50450
1420010,31,4,1,1,1,50150
1420011,20,4,1,1,1,50350
1420012,20,4,1,1,1,50350
1420013,20,4,1,1,1,50350
1420014,20,4,1,1,1,50458
1420015,31,4,1,1,2,180108
1420016,31,4,1,1,1,180150
1420017,31,4,1,1,1,180150
1430006,12,3,18,2,1,230150
1430012,20,4,1,1,1,240352
1430020,25,4,17,3,1,90150
1430049,29,4,1,1,2,130150
1430050,20,4,1,1,1,240250
1430051,20,4,1,1,1,240152
1430052,20,4,1,1,1,240154
1430053,20,4,1,1,1,240250
1430054,20,4,1,1,1,240250
1430055,20,4,1,1,1,240250
1430056,20,4,1,1,1,20550
1430057,20,4,1,1,1,90150
1430058,20,4,1,1,1,130150
1430059,20,4,1,1,1,90150
1430060,20,4,1,1,1,90150
1430061,20,4,1,1,1,90150
1430062,20,4,1,1,1,90150
1430063,20,4,1,1,1,131750
1430064,20,4,1,1,1,230154
1430065,20,4,1,1,1,230150
1430066,20,4,1,1,1,130150
1430067,20,4,1,1,1,120150
1430068,22,4,1,1,1,200150
1440001,12,3,18,2,1,170150
1440002,25,4,18,2,1,170150
1440003,23,4,10,1,1,170150
1440004,21,4,1,1,1,170170
1440005,23,4,1,1,2,170185
1440006,22,4,10,1,1,170950
1440007,25,4,4,1,1,170150
1440008,20,4,1,1,1,170950
1440009,20,4,1,1,1,170350
1440010,23,4,10,1,1,170160
1440011,22,4,10,1,1,170150
1440012,25,4,18,2,1,170150
1440013,25,4,18,2,1,170150
1440015,25,4,4,1,1,170150
1440016,25,4,18,2,1,170150
1440017,25,4,7,1,1,170177
1440018,25,4,18,2,1,170350
1440019,25,4,18,2,1,170150
1440020,23,4,10,1,1,170184
1440021,25,4,18,2,1,170150
1440022,25,4,18,2,1,170150
1440023,25,4,18,2,1,170150
1440024,25,4,18,2,1,170150
1440025,25,4,18,2,1,170150
1440026,25,4,18,2,1,170150
1440027,25,4,18,2,1,170150
1440028,25,4,18,2,1,170157
1440029,25,4,18,2,1,170179
1440031,25,4,18,2,1,170175
1440032,25,4,18,2,1,170150
1440033,25,4,18,2,1,170150
1440034,25,4,18,2,1,170150
1440035,25,4,18,2,1,170150
1440036,25,4,18,2,1,170150
1440037,25,4,18,2,1,170150
1440038,25,4,18,2,1,170150
1440039,23,4,1,1,2,40550
1440040,25,4,18,2,1,40550
1440041,12,3,18,2,1,80650
1440042,25,4,18,2,1,80450
1440043,20,4,1,1,1,80453
1440044,21,4,1,1,1,80450
1440046,20,4,1,1,1,80453
1440048,20,4,1,1,1,80352
1440049,21,4,1,1,1,80168
1440050,12,3,18,2,1,100450
1440051,20,4,1,1,1,100450
1440052,11,1,1,1,1,100150
1440053,21,4,1,1,1,100450
1440054,20,4,1,1,1,150150
1440055,21,4,1,1,1,150158
1440056,24,4,1,1,2,150150
1440057,20,4,1,1,1,150350
1440058,20,4,1,1,1,150150
1440059,22,4,1,1,2,150750
1440060,21,4,1,1,1,220150
1440061,21,4,1,1,1,220150
1440062,22,4,1,1,2,210450
1440063,22,4,1,1,1,210750
1440067,22,4,1,1,1,170170
1440068,22,4,1,1,1,170169
1440069,31,4,1,1,1,170150
1440070,31,4,1,1,1,170150
1440071,20,4,1,1,1,40555
1440072,22,4,1,1,2,40350
1440073,20,4,1,1,1,40552
1440074,31,4,1,1,1,40150
1440075,22,4,1,1,1,100250
1440076,22,4,1,1,1,100302
1440077,31,4,1,1,1,100150
1440078,31,4,1,1,1,100150
1440079,31,4,1,1,1,100302
1440080,20,4,1,1,1,80351
1440081,20,4,1,1,1,80358
1440082,20,4,1,1,1,80452
1440083,20,4,1,1,1,150150
1440084,31,4,1,1,1,150150
1440085,21,4,1,1,1,220150
1450009,21,4,1,1,1,140250
1450010,21,4,1,1,1,140350
1450011,21,4,1,1,1,71250
1450012,21,4,1,1,1,110656
1450013,20,4,1,1,1,140954
1450014,20,4,1,1,1,140157
1450015,20,4,1,1,1,10111
1450016,20,4,1,1,1,10168
1450017,20,4,1,1,1,10168
1450018,23,4,1,1,1,10151
1450019,24,4,1,1,1,10114
1450020,20,4,1,1,1,10453
1990012,21,4,1,1,1,20150
1990047,21,4,1,1,1,160252
1990226,21,4,1,1,1,160350
1991037,21,4,1,1,1,50150
1991040,20,4,1,1,1,60350
1991043,20,4,1,1,1,60352
1991045,20,4,1,1,1,60151
1991046,20,4,1,1,1,60151
1991048,20,4,1,1,1,60150
1991050,20,4,1,1,1,60150
1991133,21,4,1,1,1,180451
1991134,21,4,1,1,1,180161
1991136,21,4,1,1,1,180106
1991137,21,4,1,1,1,180950
1991138,21,4,1,1,1,180650
1991139,21,4,1,1,1,180107
1991140,21,4,1,1,1,180950
1992005,12,3,18,2,1,180105
1992040,21,4,1,1,1,20150
1992041,21,4,1,1,1,20450
1992042,20,4,1,1,1,20150
1992044,21,4,1,1,1,20650
1992049,20,4,1,1,1,60450
1992188,21,4,1,1,1,160150
1992227,20,4,1,1,1,180165
1992228,21,4,1,1,1,180854
1992229,25,4,7,1,1,180103
1992231,25,4,7,1,1,180108
1992234,25,4,7,1,1,180107
1993201,2,1,17,3,2,180101
1993221,21,4,1,1,1,20150
1993222,21,4,1,1,1,20650
1993223,24,4,17,3,1,50550
1993225,20,4,1,1,1,160150
1993226,21,4,1,1,1,180161
1993227,20,4,1,1,1,180855
1993228,20,4,1,1,1,180855
1993229,20,4,1,1,1,180750
1993230,20,4,1,1,1,180651
1994221,20,4,1,1,1,20150
1994223,20,4,1,1,1,50650
1994224,21,4,1,1,1,60150
1994225,21,4,1,1,1,160162
1995201,12,3,18,2,1,180107
1995202,12,3,18,2,1,180105
1995222,22,4,1,1,2,60150
1995223,25,4,4,1,1,60150
1995224,25,4,4,1,1,60150
1996201,12,3,18,2,2,60103
1996221,20,4,1,1,1,60650
1996222,20,4,1,1,1,50652
1996223,23,4,12,1,2,20150
1996224,21,4,1,1,1,180157
1996225,25,4,7,1,1,20150
1997201,12,3,18,2,1,180107
1997221,20,4,1,1,1,60151
1997222,20,4,1,1,1,60650
1998202,12,3,18,2,2,180107
1998203,12,3,18,2,1,50550
1998204,12,3,18,2,1,180750
1998222,20,4,1,1,1,60650
1999201,12,3,18,2,1,20150
1999202,12,3,18,2,2,60102
1999203,12,3,18,2,2,60101
1999223,21,4,1,1,1,20250
1999224,20,4,1,1,1,60250
1999225,25,4,4,1,1,180107
2000106,12,3,18,2,1,170155
2000107,12,3,18,2,1,230150
2000108,12,3,18,2,1,170150
2000109,2,1,17,3,1,170150
2000112,12,3,18,2,1,170350
2000113,12,3,18,2,1,170150
2000114,12,3,18,2,1,210150
2000116,13,1,18,2,1,170250
2000117,12,3,18,2,2,230150
2000121,21,4,1,1,1,80559
2000123,21,4,1,1,1,170150
2000124,21,4,1,1,1,170150
2000128,21,4,1,1,1,220358
2000201,12,3,18,2,2,50101
2000203,12,3,18,2,1,180102
2000222,23,4,11,1,1,20150
2000223,23,4,15,1,1,20150
2000224,21,4,1,1,2,20150
2000226,25,4,4,1,1,50150
2000227,25,4,7,1,1,50150
2000229,25,4,5,1,1,50150
2000230,25,4,4,1,1,50150
2000231,25,4,7,1,1,50161
2000232,25,4,7,1,1,60150
2000233,25,4,7,1,1,60150
2000234,25,4,4,1,1,60150
2000235,25,4,12,1,1,60150
2000236,25,4,7,1,1,60150
2000237,25,4,7,1,1,60150
2000238,24,4,14,1,1,60150
2000239,20,4,1,1,1,61050
2000240,25,4,17,3,2,160150
2000241,25,4,5,1,1,160150
2000242,21,4,2,1,2,160150
2000243,25,4,10,1,1,180105
2000244,21,4,6,1,2,180850
2000245,25,4,17,3,1,180105
2000247,25,4,17,3,1,180750
2000303,12,3,18,2,1,30150
2000304,17,1,18,2,1,10150
2000321,21,4,1,1,1,110850
2000322,25,4,7,1,1,110150
2000401,12,3,18,2,1,90150
2000404,12,3,18,2,1,90950
2000406,12,3,18,2,2,120150
2000408,12,3,18,2,2,120550
2000410,12,3,18,2,2,121050
2000417,21,4,1,1,2,90150
2000421,21,4,1,1,1,70750
2000422,21,4,1,1,1,71256
2000423,23,4,11,1,1,90150
2000424,23,4,11,1,1,90150
2000425,23,4,11,1,1,90150
2000426,31,4,11,1,1,90150
2000427,31,4,11,1,1,90150
2000428,31,4,11,1,1,90150
2000429,31,4,11,1,1,90150
2000430,31,4,11,1,1,90150
2000431,31,4,11,1,1,90150
2000432,31,4,11,1,1,90150
2000433,31,4,11,1,1,90150
2000437,29,4,11,1,2,90150
2000438,22,4,11,1,2,90150
2000442,25,4,11,1,1,90150
2000443,29,4,11,1,2,90150
2000444,25,4,11,1,1,90150
2000449,22,4,1,1,2,130850
2000450,21,4,1,1,1,130950
2001101,12,3,18,2,1,230150
2001102,12,3,18,2,1,170150
2001104,12,3,18,2,1,170150
2001107,12,3,18,2,2,170150
2001121,20,4,1,1,1,40451
2001122,20,4,1,1,1,40350
2001124,21,4,1,1,1,80455
2001126,23,4,10,1,1,80150
2001129,21,4,1,1,1,150450
2001131,25,4,7,1,1,170151
2001139,25,4,7,1,1,170150
2001144,25,4,7,1,1,170150
2001145,23,4,4,1,1,170150
2001146,23,4,1,1,1,210150
2001147,20,4,1,1,1,210453
2001148,23,4,9,1,1,210156
2001204,12,3,18,2,1,50250
2001205,12,3,18,2,1,50250
2001206,12,3,18,2,2,50550
2001208,12,3,18,2,1,60101
2001209,12,3,18,2,1,60101
2001210,8,2,15,1,2,60101
2001212,12,3,18,2,1,180163
2001213,15,1,18,2,2,180101
2001225,21,4,1,1,1,20250
2001226,20,4,1,1,1,20650
2001236,25,4,3,1,2,50151
2001248,25,4,18,2,1,180750
2001249,8,2,15,1,2,180156
2001321,25,4,7,1,1,110350
2001322,21,4,1,1,1,10956
2001401,12,3,18,2,1,70150
2001402,12,3,18,2,2,70150
2001404,12,3,18,2,1,90150
2001405,12,3,18,2,1,90150
2001407,12,3,18,2,1,90150
2001408,12,3,17,3,2,90850
2001409,12,3,18,2,2,90850
2001411,12,3,18,2,2,120550
2001413,12,3,18,2,1,120550
2001415,12,3,18,2,1,120750
2001416,12,3,18,2,1,120750
2001417,12,3,18,2,1,120750
2001419,12,3,18,2,1,120850
2001421,12,3,18,2,1,120850
2001422,12,3,18,2,1,121050
2001423,12,3,18,2,1,121050
2001424,12,3,18,2,1,121250
2001425,12,3,18,2,2,130450
2001427,12,3,18,2,1,130850
2001428,12,3,18,2,1,130850
2001429,12,3,18,2,1,121250
2001431,12,3,18,2,1,121150
2001437,12,3,18,2,1,120550
2001438,25,4,7,1,2,120550
2001445,31,4,11,1,1,90150
2001446,31,4,11,1,1,90150
2001447,31,4,11,1,1,90150
2001448,31,4,11,1,1,90150
2001449,31,4,11,1,1,90150
2001450,31,4,11,1,1,90150
2001451,31,4,11,1,1,90150
2001452,23,4,11,1,1,90150
2001453,23,4,11,1,1,90150
2001462,23,4,17,3,2,90150
2001467,22,4,1,1,1,90150
2001474,25,4,17,3,2,240152
2001476,20,4,1,1,1,240250
2002101,2,1,18,2,2,170850
2002106,12,3,18,2,2,100150
2002107,12,3,18,2,1,230150
2002108,12,3,18,2,1,230150
2002111,12,3,18,2,2,170550
2002114,12,3,18,2,2,170150
2002116,12,3,18,2,2,170150
2002121,21,4,1,1,1,80451
2002122,21,4,1,1,2,170150
2002123,23,4,5,1,1,170150
2002126,25,4,7,1,1,170356
2002127,21,4,1,1,1,40651
2002129,21,4,1,1,1,80654
2002202,2,1,11,1,2,180102
2002214,12,3,18,2,1,180250
2002227,21,4,1,1,1,20251
2002302,12,3,18,2,1,110150
2002303,12,3,18,2,2,10150
2002321,22,4,1,1,2,140150
2002322,25,4,17,3,1,110150
2002402,12,3,18,2,2,240250
2002404,12,3,18,2,1,120150
2002409,12,3,18,2,1,120550
2002410,12,3,18,2,1,120550
2002412,12,3,18,2,1,130850
2002414,12,3,18,2,1,90650
2002418,12,3,17,3,2,91450
2002420,12,3,18,2,1,120550
2002429,31,4,11,1,1,90150
2002430,22,4,11,1,2,90150
2002431,31,4,11,1,1,90150
2002433,25,4,17,3,2,90150
2002437,23,4,17,3,2,90150
2002442,21,4,1,1,2,130350
2002443,21,4,1,1,1,131250
2002444,21,4,1,1,1,131650
2003101,12,3,18,2,1,170184
2003102,12,3,18,2,1,230150
2003104,12,3,18,2,1,170250
2003105,24,4,1,1,2,170150
2003106,13,1,18,2,1,40550
2003121,21,4,1,1,1,80168
2003124,21,4,1,1,2,150154
2003125,21,4,1,1,1,150157
2003126,21,4,1,1,1,170550
2003127,23,4,18,2,1,170150
2003129,24,4,17,3,1,170150
2003130,24,4,17,3,1,170155
2003131,24,4,17,3,1,170150
2003133,21,4,1,1,1,220155
2003134,21,4,1,1,1,220151
2003135,21,4,1,1,1,220254
2003136,21,4,1,1,1,220352
2003216,12,3,18,2,2,50250
2003217,12,3,18,2,2,180102
2003219,2,1,17,3,2,180103
2003220,21,4,1,1,1,60954
2003221,21,4,1,1,1,60955
2003222,25,4,12,1,1,180103
2003303,12,3,18,2,1,110150
2003321,25,4,7,1,1,110150
2003322,21,4,1,1,1,10156
2003323,21,4,1,1,2,110150
2003324,21,4,1,1,2,110150
2003325,25,4,7,1,1,10150
2003329,25,4,17,3,1,10150
2003402,12,3,18,2,1,70150
2003403,12,3,18,2,1,70150
2003404,12,3,18,2,1,70150
2003405,12,3,18,2,1,70250
2003407,12,3,18,2,2,90150
2003408,23,4,3,1,1,70150
2003412,4,1,17,3,2,120150
2003417,12,3,18,2,1,120550
2003419,12,3,18,2,1,121050
2003424,12,3,18,2,1,130150
2003427,21,4,1,1,1,71358
2003428,29,4,11,1,2,90150
2003429,23,4,11,1,1,90150
2003430,23,4,11,1,1,90150
2003431,23,4,11,1,2,90150
2003432,31,4,11,1,1,90150
2003433,23,4,11,1,1,90150
2003434,23,4,11,1,1,90150
2003435,23,4,11,1,1,90150
2003436,23,4,11,1,1,90150
2003437,23,4,11,1,1,90150
2003438,31,4,11,1,1,90150
2003439,23,4,11,1,1,90150
2003440,29,4,11,1,2,90150
2003443,25,4,11,1,1,90150
2003450,21,4,1,1,1,71351
2004101,13,1,18,2,1,230150
2004105,12,3,18,2,1,80150
2004106,12,3,18,2,1,170150
2004108,12,3,18,2,1,40150
2004121,23,4,11,1,1,170150
2004122,23,4,11,1,1,170150
2004123,25,4,7,1,1,170150
2004124,24,4,17,3,1,170150
2004125,21,4,1,1,1,220157
2004201,14,1,18,2,1,50250
2004202,12,3,18,2,1,50250
2004203,2,1,17,3,2,60155
2004205,21,4,1,1,1,160150
2004301,12,3,18,2,2,10150
2004302,2,1,11,1,1,10150
2004303,12,3,18,2,1,30450
2004304,12,3,18,2,1,110150
2004321,21,4,1,1,1,111052
2004322,25,4,7,1,1,10550
2004401,31,4,11,1,1,90150
2005101,12,3,18,2,1,170350
2005102,2,1,3,1,1,80150
2005105,12,3,18,2,1,230152
2005106,12,3,18,2,2,170550
2005107,12,3,18,2,2,170156
2005110,13,1,18,2,1,170150
2005111,12,3,18,2,1,170150
2005113,12,3,18,2,1,170150
2005114,12,3,18,2,2,170150
2005121,21,4,1,1,1,80250
2005122,23,4,10,1,1,170350
2005123,23,4,10,1,1,170550
2005124,23,4,10,1,1,170150
2005125,23,4,10,1,1,170150
2005127,24,4,17,3,1,170150
2005129,23,4,15,1,1,80168
2005130,21,4,1,1,1,150352
2005205,12,3,18,2,1,20150
2005206,12,3,18,2,1,60150
2005207,12,3,18,2,1,60101
2005221,21,4,1,1,1,20553
2005222,20,4,1,1,1,20251
2005321,22,4,1,1,2,30150
2005401,12,3,17,3,1,70150
2005402,23,4,11,1,1,90150
2005403,12,3,18,2,1,70150
2005404,12,3,18,2,1,70150
2005405,2,1,11,1,2,70150
2005407,12,3,18,2,1,90150
2005409,12,3,17,3,1,90112
2005410,12,3,18,2,1,90150
2005411,12,3,18,2,1,90150
2005414,12,3,18,2,2,90850
2005415,12,3,18,2,1,90850
2005416,12,3,18,2,1,90950
2005417,12,3,18,2,1,120450
2005418,12,3,18,2,1,120452
2005419,12,3,18,2,1,120550
2005422,13,1,18,2,1,120550
2005423,12,3,18,2,1,120651
2005424,1,5,17,3,2,120950
2005425,12,3,18,2,1,130150
2005427,12,3,18,2,1,130850
2005430,12,3,18,2,1,130850
2005431,8,2,15,1,2,130150
2005432,12,3,18,2,1,90150
2005433,12,3,18,2,1,91050
2005450,13,1,18,2,1,70150
2006101,12,3,18,2,1,170150
2006102,12,3,18,2,2,230150
2006103,12,3,18,2,1,170150
2006104,12,3,18,2,1,170150
2006105,2,1,18,2,2,170157
2006110,12,3,18,2,1,170150
2006111,2,1,11,1,2,220150
2006123,22,4,1,1,1,150153
2006125,24,4,1,1,1,220150
2006127,20,4,1,1,1,220451
2006130,22,4,1,1,1,230250
2006201,31,4,17,3,1,20150
2006203,12,3,18,2,1,180109
2006204,12,3,18,2,1,180109
2006222,20,4,1,1,1,180160
2006224,21,4,1,1,1,160156
2006228,20,4,1,1,1,160162
2006229,21,4,1,1,1,160162
2006230,21,4,1,1,1,160162
2006231,20,4,1,1,1,160350
2006234,25,4,11,1,2,160150
2006302,21,4,1,1,2,90150
2006305,21,4,1,1,1,240150
2006312,22,4,11,1,2,70150
2006319,12,3,18,2,2,130450
2006321,21,4,1,1,1,70250
2006323,21,4,1,1,1,70255
2006324,22,4,1,1,2,71450
2006327,25,4,17,3,2,90150
2006335,21,4,1,1,2,90750
2006336,21,4,1,1,2,90750
2006337,21,4,1,1,2,90750
2006338,21,4,1,1,1,240152
2006344,25,4,17,3,2,90150
2006348,29,4,11,1,2,90156
2006354,25,4,17,3,1,92750
2006355,31,4,11,1,1,90150
2006356,23,4,17,3,2,90150
2006357,21,4,1,1,2,121051
2006358,22,4,17,3,1,130150
2006359,25,4,15,1,1,130350
2006360,22,4,15,1,1,130850
2006361,25,4,15,1,1,130650
2006362,20,4,1,1,1,200251
2006401,12,3,18,2,1,70150
2006404,12,3,18,2,2,90150
2006408,2,1,1,1,2,90150
2006409,4,1,11,1,1,92450
2006412,12,3,18,2,1,120550
2006415,12,3,18,2,1,130150
2006416,12,3,18,2,1,130150
2006418,12,3,18,2,1,130850
2006419,12,3,18,2,1,131450
2006421,13,1,18,2,1,130650
2006521,31,4,1,1,1,10150
2006523,20,4,1,1,1,30357
2006524,20,4,1,1,1,140852
2006525,21,4,1,1,1,140258
2006526,20,4,1,1,1,140854
2006527,20,4,1,1,1,190152
2006528,20,4,1,1,1,190156
2006531,22,4,11,1,1,10150
2006533,21,4,1,1,1,110350
2006621,21,4,1,1,2,70152
2006623,21,4,1,1,1,70654
2006624,25,4,7,1,1,90150
2006627,25,4,17,3,1,90150
2006628,23,4,11,1,1,90150
2006629,23,4,17,3,2,90150
2006634,24,4,11,1,2,90150
2006635,23,4,17,3,1,90650
2006638,21,4,1,1,2,91650
2006639,21,4,1,1,1,240153
2006641,25,4,17,3,2,120250
2006645,31,4,17,3,1,120651
2006646,21,4,1,1,1,120750
2006650,21,4,1,1,1,131653
2006651,22,4,1,1,1,131653
2006653,31,4,1,1,1,120550
2007221,20,4,1,1,1,20550
2007222,20,4,1,1,1,20250
2007223,20,4,1,1,1,60352
2007301,12,3,18,2,2,70150
2007304,12,3,18,2,1,90850
2007305,12,3,18,2,1,90950
2007306,12,3,18,2,1,91050
2007307,12,3,18,2,1,91150
2007308,12,3,18,2,2,91650
2007311,12,3,18,2,1,120550
2007313,12,3,18,2,1,120550
2007314,12,3,18,2,1,120553
2007316,12,3,18,2,1,121050
2007317,12,3,18,2,1,130150
2007318,12,3,18,2,1,130350
2007319,12,3,18,2,1,130350
2007320,12,3,18,2,1,130450
2007325,12,3,18,2,1,130950
2007326,13,1,18,2,1,131150
2007329,25,4,7,1,1,90150
2007332,21,4,1,1,1,90150
2007339,21,4,1,1,1,131751
2007340,21,4,1,1,1,132050
2007341,21,4,1,1,2,130450
2007342,25,4,1,1,1,70150
2007343,25,4,17,3,1,90150
2007345,31,4,1,1,1,70650
2007347,23,4,18,2,1,90750
2007361,22,4,17,3,2,90150
2007401,12,3,18,2,1,170150
2007402,12,3,18,2,2,170150
2007403,12,3,18,2,1,230150
2007405,12,3,18,2,2,170150
2007407,12,3,18,2,1,220150
2007421,21,4,1,1,1,170150
2007422,23,4,10,1,1,170450
2007423,21,4,1,1,1,210150
2007424,24,4,1,1,1,210150
2007425,21,4,1,1,1,220160
2007426,21,4,1,1,1,220161
2007427,21,4,1,1,1,220159
2007428,21,4,1,1,1,220158
2007429,21,4,1,1,1,220156
2007431,20,4,1,1,1,220357
2007432,20,4,1,1,1,220355
2007433,20,4,1,1,1,220358
2007435,20,4,1,1,1,220452
2007436,21,4,1,1,1,220454
2007437,21,4,1,1,1,220453
2007438,21,4,1,1,2,230150
2007503,1,5,1,1,2,30450
2007504,12,3,18,2,1,10150
2007505,2,1,12,2,2,110150
2007521,21,4,1,1,2,30250
2007522,20,4,1,1,1,30154
2007523,20,4,1,1,1,30153
2007524,20,4,1,1,1,30153
2007525,21,4,1,1,1,10562
2007526,25,4,11,1,1,110350
2007527,20,4,1,1,1,111159
2007528,20,4,1,1,1,111160
2007529,20,4,1,1,1,110251
2007530,20,4,1,1,1,190351
2007531,20,4,1,1,1,190351
2007532,20,4,1,1,1,190352
2007533,20,4,1,1,1,190653
2007534,20,4,1,1,1,190952
2007535,20,4,1,1,1,190952
2007536,25,4,7,1,1,11351
2007538,25,4,7,1,1,10150
2007539,25,4,17,3,1,30254
2008223,20,4,1,1,1,50653
2008224,25,4,7,1,1,160150
2008301,12,3,18,2,2,90150
2008304,12,3,18,2,1,90150
2008305,12,3,18,2,2,90750
2008306,12,3,18,2,2,92150
2008307,12,3,18,2,1,120550
2008310,12,3,18,2,1,121050
2008311,12,3,18,2,1,130150
2008312,1,5,1,1,2,130550
2008315,12,3,18,2,2,240350
2008316,12,3,18,2,1,240250
2008317,12,3,18,2,1,91050
2008318,12,3,17,3,2,90150
2008321,22,4,11,1,2,70150
2008322,21,4,1,1,1,70250
2008323,20,4,1,1,1,70350
2008324,20,4,1,1,1,71150
2008325,20,4,1,1,1,71152
2008326,20,4,1,1,1,71352
2008327,21,4,1,1,1,71451
2008328,22,4,11,1,2,90150
2008329,25,4,17,3,1,90150
2008330,24,4,17,3,1,90150
2008332,24,4,17,3,1,90150
2008333,25,4,7,1,1,90150
2008334,24,4,17,3,1,90750
2008335,31,4,17,3,1,120153
2008336,25,4,18,2,2,120452
2008339,25,4,18,2,2,120950
2008340,25,4,18,2,1,121150
2008342,25,4,17,3,1,130150
2008343,25,4,17,3,1,130150
2008345,25,4,17,3,1,130850
2008346,25,4,12,1,1,130850
2008348,21,4,1,1,1,131653
2008349,21,4,1,1,1,131653
2008402,12,3,18,2,1,170150
2008404,12,3,18,2,1,170150
2008405,12,3,18,2,2,100250
2008407,12,3,18,2,1,170150
2008408,12,3,18,2,1,170150
2008409,12,3,18,2,1,170150
2008410,12,3,18,2,2,100150
2008411,12,3,18,2,1,100150
2008421,21,4,1,1,1,150153
2008422,21,4,1,1,2,150454
2008423,21,4,1,1,1,170150
2008425,21,4,1,1,1,220150
2008427,20,4,1,1,1,220351
2008501,12,3,18,2,2,110150
2008502,13,1,17,3,2,110350
2008503,12,3,18,2,1,110150
2008504,12,3,18,2,2,140150
2008505,12,3,18,2,2,110150
2008508,15,1,18,2,1,10150
2008521,21,4,1,1,2,10358
2008522,20,4,1,1,1,110750
2008523,20,4,1,1,1,111350
2008524,20,4,1,1,1,190250
2008525,31,4,1,1,1,190150
2008526,20,4,1,1,1,190351
2008527,25,4,3,1,1,141250
2008528,20,4,1,1,1,140253
2008529,21,4,1,1,1,140253
2009202,12,3,18,2,1,50103
2009203,12,3,18,2,1,50104
2009204,12,3,18,2,2,50550
2009205,12,3,18,2,1,50250
2009221,21,4,1,1,1,160152
2009222,21,4,1,1,1,60155
2009223,21,4,1,1,1,60150
2009224,21,4,1,1,1,60150
2009225,20,4,1,1,1,60150
2009226,20,4,1,1,1,60158
2009227,20,4,1,1,1,60154
2009228,20,4,1,1,1,60157
2009229,20,4,1,1,1,50150
2009230,20,4,1,1,1,50450
2009231,20,4,1,1,1,50453
2009232,20,4,1,1,1,50453
2009233,20,4,1,1,1,50754
2009234,20,4,1,1,1,50751
2009302,12,3,18,2,1,90150
2009305,12,3,18,2,2,90150
2009306,12,3,18,2,2,90150
2009308,12,3,18,2,1,90150
2009309,12,3,18,2,1,90150
2009311,12,3,18,2,1,90150
2009314,12,3,18,2,1,90750
2009316,12,3,18,2,1,92050
2009321,12,3,18,2,1,120550
2009324,12,3,18,2,1,121050
2009325,12,3,18,2,1,121050
2009327,12,3,18,2,2,130250
2009328,12,3,18,2,1,130350
2009330,12,3,18,2,1,130850
2009332,12,3,18,2,2,240250
2009333,12,3,18,2,1,120550
2009336,21,4,1,1,1,90158
2009337,21,4,1,1,2,91952
2009338,21,4,1,1,1,91951
2009339,25,4,17,3,1,90750
2009341,21,4,1,1,1,91450
2009342,21,4,1,1,1,91450
2009343,21,4,1,1,1,92850
2009344,25,4,1,1,1,130150
2009347,25,4,1,1,2,240154
2009353,25,4,10,1,1,90150
2009354,21,4,1,1,1,90450
2009355,21,4,1,1,1,71251
2009357,21,4,1,1,1,70254
2009360,20,4,1,1,1,70354
2009364,25,4,7,1,1,90150
2009366,21,4,1,1,1,130657
2009402,12,3,18,2,1,230150
2009403,12,3,18,2,1,170150
2009421,23,4,3,1,1,80150
2009422,23,4,3,1,1,80168
2009423,21,4,1,1,1,80264
2009424,20,4,1,1,1,80551
2009426,21,4,1,1,1,170150
2009427,23,4,18,2,1,170550
2009428,21,4,1,1,1,220250
2009429,20,4,1,1,1,220352
2009430,21,4,1,1,1,230151
2009503,11,1,18,2,2,10150
2009505,12,3,18,2,1,10850
2009506,12,3,18,2,2,140650
2009521,25,4,17,3,2,10150
2009522,23,4,11,1,1,10150
2009523,25,4,2,1,2,110150
2009526,31,4,1,1,1,140150
2009527,20,4,1,1,1,140452
2010201,12,3,18,2,2,60101
2010202,12,3,18,2,1,180103
2010221,25,4,10,1,2,160150
2010222,22,4,1,1,2,160150
2010223,20,4,1,1,1,160150
2010227,20,4,1,1,1,160251
2010228,20,4,1,1,1,160252
2010231,20,4,1,1,1,60158
2010232,20,4,1,1,1,50150
2010233,20,4,1,1,1,180254
2010302,12,3,18,2,1,90150
2010303,12,3,18,2,1,90150
2010306,12,3,18,2,1,90150
2010308,12,3,18,2,1,91650
2010310,12,3,18,2,1,120550
2010313,12,3,18,2,1,130150
2010314,8,2,15,1,2,70150
2010315,20,4,1,1,1,70951
2010316,20,4,1,1,1,71050
2010320,23,4,17,3,1,90150
2010321,25,4,17,3,1,90150
2010322,21,4,1,1,2,90150
2010323,21,4,1,1,1,90153
2010324,21,4,1,1,1,90650
2010325,21,4,1,1,1,90652
2010327,22,4,1,1,1,91150
2010329,21,4,1,1,1,91850
2010330,20,4,1,1,1,120251
2010332,21,4,1,1,2,120651
2010334,23,4,17,3,1,90150
2010335,21,4,1,1,1,130150
2010336,21,4,1,1,2,130150
2010337,20,4,1,1,1,130150
2010338,21,4,1,1,2,130150
2010340,4,1,1,1,2,240250
2010341,21,4,1,1,1,240154
2010343,25,4,17,3,1,90150
2010344,20,4,1,1,1,71452
2010345,21,4,1,1,1,130156
2010346,21,4,1,1,2,90150
2010348,12,3,18,2,2,90150
2010351,20,4,1,1,1,120350
2010421,21,4,1,1,1,80254
2010423,21,4,1,1,2,170150
2010424,21,4,1,1,1,170150
2010425,21,4,1,1,1,170186
2010426,20,4,1,1,1,210153
2010427,20,4,1,1,1,210156
2010428,20,4,1,1,1,210450
2010429,20,4,1,1,1,210450
2010430,20,4,1,1,1,210450
2010431,20,4,1,1,1,210451
2010432,21,4,1,1,1,210452
2010433,20,4,1,1,1,210453
2010434,20,4,1,1,1,210651
2010435,21,4,1,1,2,230150
2010436,22,4,1,1,1,220150
2010501,12,3,18,2,1,110150
2010503,12,3,18,2,1,111150
2010521,20,4,1,1,1,111352
2010522,20,4,1,1,1,111352
2010523,20,4,1,1,1,110162
2010525,31,4,1,1,1,10850
2010527,20,4,1,1,1,190854
2010528,20,4,1,1,1,190350
2010529,25,4,7,1,1,10150
2010530,20,4,1,1,1,140353
2011201,12,3,18,2,2,50104
2011221,20,4,1,1,1,20153
2011222,20,4,1,1,1,60352
2011223,20,4,1,1,1,60354
2011301,12,3,18,2,2,90150
2011303,12,3,18,2,1,90150
2011304,12,3,18,2,1,90450
2011306,12,3,18,2,1,90850
2011307,12,3,18,2,2,91050
2011308,12,3,18,2,2,91050
2011309,12,3,18,2,1,91050
2011310,12,3,18,2,1,91050
2011311,12,3,18,2,1,91050
2011312,12,3,18,2,1,91250
2011313,12,3,18,2,1,92056
2011314,12,3,18,2,2,130750
2011315,12,3,18,2,1,130450
2011316,12,3,18,2,1,130850
2011318,15,1,18,2,1,120550
2011320,12,3,18,2,1,120550
2011321,12,3,18,2,2,90150
2011323,20,4,1,1,1,71054
2011324,20,4,1,1,1,71252
2011325,31,4,17,3,2,90150
2011326,17,1,18,2,1,90150
2011327,21,4,1,1,1,90150
2011328,23,4,17,3,2,90150
2011330,12,3,18,2,1,90150
2011331,12,3,18,2,1,90150
2011335,21,4,1,1,1,90157
2011336,20,4,1,1,1,90157
2011337,21,4,1,1,1,90157
2011338,20,4,1,1,1,90157
2011339,21,4,1,1,1,90157
2011342,21,4,1,1,1,70250
2011343,21,4,1,1,2,90850
2011344,21,4,1,1,1,90153
2011345,22,4,17,3,2,90150
2011349,21,4,1,1,1,91250
2011350,21,4,1,1,1,92850
2011351,21,4,1,1,2,120550
2011352,21,4,1,1,1,120550
2011353,21,4,1,1,1,90150
2011354,21,4,1,1,2,90150
2011355,21,4,1,1,2,121150
2011356,20,4,1,1,1,130150
2011358,21,4,1,1,2,90150
2011359,22,4,1,1,1,130850
2011360,22,4,1,1,2,130850
2011361,22,4,1,1,2,130950
2011362,21,4,1,1,1,131050
2011363,21,4,1,1,1,131051
2011364,23,4,17,3,1,90150
2011401,12,3,18,2,1,100150
2011406,12,3,18,2,1,230150
2011407,12,3,18,2,1,230150
2011408,12,3,18,2,1,170150
2011421,23,4,4,1,1,170150
2011422,23,4,1,1,1,80150
2011423,20,4,1,1,1,80351
2011424,21,4,1,1,1,230250
2011426,20,4,1,1,1,100352
2011427,20,4,1,1,1,100352
2011428,20,4,1,1,1,100352
2011429,21,4,1,1,1,100459
2011431,25,4,7,1,1,170150
2011432,22,4,6,1,1,170250
2011433,21,4,1,1,1,170250
2011434,21,4,1,1,1,230157
2011435,21,4,1,1,1,220150
2011436,21,4,1,1,1,220153
2011437,21,4,1,1,1,220157
2011438,21,4,1,1,1,220158
2011439,20,4,1,1,1,210451
2011440,23,4,9,1,1,210450
2011441,23,4,9,1,1,210450
2011501,12,3,18,2,1,30150
2011502,12,3,18,2,1,110150
2011503,12,3,18,2,1,110250
2011521,23,4,1,1,1,10252
2011522,20,4,1,1,1,10650
2011523,20,4,1,1,1,140455
2011524,21,4,1,1,1,10359
2011525,20,4,1,1,1,10155
2011526,25,4,1,1,1,10150
2011527,20,4,1,1,1,11550
2011528,20,4,1,1,1,190451
2011529,20,4,1,1,1,140951
2011530,30,4,1,1,2,10150
2011537,20,4,1,1,1,10157
2011538,20,4,1,1,1,10157
2011539,21,4,1,1,1,10554
2011540,21,4,1,1,1,10559
2011541,21,4,1,1,1,10553
2011542,21,4,1,1,1,10552
2011543,21,4,1,1,1,10561
2011544,21,4,1,1,1,11253
2012201,12,3,18,2,1,180109
2012202,12,3,18,2,2,180104
2012220,25,4,7,1,1,180167
2012222,20,4,1,1,1,60354
2012301,12,3,18,2,1,70150
2012302,12,3,18,2,1,70650
2012303,12,3,18,2,1,70950
2012304,12,3,18,2,2,71050
2012305,12,3,18,2,1,131250
2012306,12,3,18,2,1,130850
2012307,2,1,1,1,2,240150
2012309,12,3,18,2,1,130350
2012311,12,3,18,2,1,70150
2012312,12,3,18,2,1,131750
2012317,22,4,12,1,1,130150
2012318,20,4,1,1,1,70954
2012319,21,4,6,1,2,130250
2012320,21,4,1,1,1,130250
2012321,22,4,1,1,1,132250
2012322,12,3,18,2,1,130450
2012323,20,4,1,1,1,71050
2012324,21,4,1,1,1,130450
2012325,25,4,17,3,1,90150
2012326,31,4,17,3,1,90150
2012350,12,3,18,2,1,121050
2012402,12,3,18,2,1,80650
2012403,4,1,1,1,2,80150
2012405,12,3,18,2,2,170150
2012407,22,4,1,1,2,170250
2012408,12,3,18,2,1,230150
2012410,12,3,18,2,1,210150
2012411,12,3,18,2,1,210150
2012413,12,3,18,2,1,80455
2012414,12,3,18,2,1,80455
2012418,12,3,18,2,2,150150
2012420,21,4,1,1,1,220153
2012421,21,4,1,1,1,220150
2012422,23,4,17,3,1,220350
2012423,22,4,1,1,2,170350
2012424,22,4,1,1,1,170550
2012425,25,4,7,1,1,170150
2012426,22,4,1,1,1,170155
2012427,21,4,1,1,1,170150
2012429,17,2,18,2,1,230150
2012430,21,4,1,1,2,230150
2012431,21,4,1,1,2,230150
2012437,12,3,18,2,1,170550
2012439,12,3,18,2,1,170250
2012451,12,3,18,2,1,170150
2012459,12,3,18,2,2,80150
2012460,12,3,18,2,1,210150
2012461,12,3,18,2,1,80650
2012462,12,3,18,2,1,80650
2012464,22,4,18,2,1,80650
2012465,12,3,18,2,1,80650
2012466,12,3,18,2,1,80450
2012468,12,3,18,2,1,80450
2012469,12,3,18,2,1,170550
2012473,15,1,18,2,1,170150
2012474,12,3,18,2,1,170150
2012475,2,1,3,1,1,80450
2012477,12,3,18,2,1,80166
2012481,13,1,18,2,2,220150
2012489,12,3,18,2,1,170150
2012496,12,3,18,2,1,220150
2012502,12,3,18,2,2,11350
2012532,20,4,1,1,1,111160
2012533,31,4,1,1,1,110150
2012534,20,4,1,1,1,110150
2012535,31,4,1,1,1,30150
2012536,24,4,1,1,1,30350
2013201,12,3,18,2,1,180250
2013202,12,3,18,2,1,180850
2013203,12,3,18,2,1,160150
2013206,12,3,18,2,1,60103
2013207,12,3,18,2,1,60155
2013208,12,3,18,2,2,60104
2013221,25,4,12,1,1,180650
2013223,22,4,1,1,2,50101
2013301,12,3,18,2,1,70150
2013302,12,3,18,2,1,70750
2013303,12,3,18,2,1,70750
2013304,12,3,18,2,2,70750
2013305,13,1,18,2,1,70950
2013306,13,1,18,2,1,70950
2013308,12,3,18,2,2,71050
2013309,13,1,18,2,1,71050
2013310,12,3,18,2,2,71050
2013311,12,3,18,2,1,71250
2013313,12,3,18,2,2,90150
2013316,12,3,18,2,1,90150
2013321,12,3,18,2,2,92150
2013322,12,3,18,2,2,92150
2013324,12,3,18,2,1,130250
2013325,12,3,18,2,1,130850
2013326,12,3,18,2,1,130850
2013327,12,3,18,2,1,130950
2013328,1,5,1,1,2,131150
2013335,22,4,1,1,1,240150
2013336,22,4,1,1,1,240153
2013337,20,4,1,1,1,240153
2013338,22,4,1,1,2,240153
2013339,20,4,1,1,1,240156
2013340,24,4,1,1,2,120150
2013342,21,4,1,1,2,120150
2013343,21,4,1,1,1,120750
2013344,21,4,1,1,2,120850
2013345,21,4,1,1,1,120250
2013520,12,3,18,2,1,10150
2013521,25,4,3,1,1,10166
2013522,31,4,1,1,1,10150
2013523,31,4,1,1,1,10350
2013524,31,4,1,1,1,10150
2013525,21,4,6,1,1,110350
2013526,21,4,6,1,2,110450
2013527,22,4,6,1,2,140250
2013528,20,4,1,1,1,111053
2013529,22,4,1,1,1,10950
2013530,23,4,1,1,1,71050
2013531,20,4,1,1,1,71053
2013532,26,4,4,1,1,110150
2013533,21,4,6,1,2,110950
2013534,25,4,3,1,1,71250
2013535,31,4,1,1,1,70150
2013536,23,4,1,1,2,70650
2013538,21,4,1,1,1,70750
2013539,21,4,1,1,1,70250
2013541,21,4,1,1,1,70950
2013542,21,4,1,1,1,190250
2013543,21,4,1,1,1,190150
2013544,21,4,1,1,1,190550
2013546,21,4,1,1,1,10550
2013547,21,4,1,1,1,10250
2013548,21,4,1,1,1,10850
2013549,21,4,1,1,2,110950
2013550,21,4,1,1,1,111050
2013551,21,4,1,1,1,110650
2013553,21,4,1,1,1,110850
2013555,21,4,1,1,1,110161
2013556,21,4,1,1,1,140550
2014305,12,3,18,2,1,230150
2014308,12,3,18,2,1,230150
2014326,25,4,17,3,1,130850
2014344,12,3,18,2,1,90650
2014349,28,4,17,3,2,230150
2014350,25,4,17,3,1,230155
2014351,21,4,1,1,2,230150
2014501,12,3,18,2,1,70150
2014502,12,3,18,2,1,70150
2014503,12,3,18,2,1,70750
2014521,30,4,18,2,2,70150
